seed,threshold,arm,auroc,auprc,sensitivity,specificity,fpr,alerts_per_week,sens_crisis,sens_drift,spec_stable,spec_hard_neg,fa_blip_rate
301,Moderate+,Layer 1,0.6617231106393179,0.29503041878890773,0.5368421052631579,0.8282368249837345,0.17176317501626548,1.2023422251138582,1.0,0.5111111111111111,0.8088235294117647,0.7794117647058824,0.007352941176470588
301,Moderate+,Layer 2 v1,0.8800842379207616,0.3868589440436577,0.9157894736842105,0.6057254391672089,0.3942745608327911,2.759921925829538,1.0,0.9111111111111111,0.5625,0.5441176470588236,0.3602941176470588
301,Moderate+,Layer 2 v2,0.9203883162688765,0.772366740429095,0.8947368421052632,0.6467143786597267,0.3532856213402733,2.472999349381913,1.0,0.8888888888888888,0.6544117647058824,0.6127450980392157,0.3014705882352941
301,Moderate+,Hybrid v1,0.8747286237715303,0.45555798455618624,0.9157894736842105,0.5087833441769681,0.49121665582303187,3.438516590761223,1.0,0.9111111111111111,0.4742647058823529,0.42156862745098034,0.3602941176470588
301,Moderate+,Hybrid v2,0.9151799472656919,0.7620986423096642,0.9052631578947369,0.549772283669486,0.45022771633051395,3.151594014313598,1.0,0.9,0.5477941176470589,0.47549019607843135,0.3014705882352941
301,Moderate+,Isolation Forest,0.9121768311474849,0.5232811476051876,0.6631578947368421,0.9323357189329864,0.06766428106701361,0.47364996746909566,1.0,0.6444444444444445,0.9264705882352942,0.9411764705882353,0.0661764705882353
301,Moderate+,LOF,0.8838817929664761,0.5535490596109304,0.7789473684210526,0.8906961613532857,0.10930383864671434,0.7651268705270007,1.0,0.7666666666666667,0.8566176470588236,0.8774509803921569,0.07352941176470588
301,High+,Layer 1,0.6617231106393179,0.29503041878890773,0.3368421052631579,0.9993493819128172,0.0006506180871828082,0.004554326610279766,1.0,0.3,1.0,0.9950980392156863,0.0
301,High+,Layer 2 v1,0.8800842379207616,0.3868589440436577,0.6736842105263158,0.8809368900455433,0.11906310995445668,0.8334417696811971,1.0,0.6555555555555556,0.8547794117647058,0.892156862745098,0.10294117647058823
301,High+,Layer 2 v2,0.9203883162688765,0.772366740429095,0.8210526315789474,0.9225764476252439,0.07742355237475607,0.5419648666232921,1.0,0.8111111111111111,0.9393382352941176,0.9215686274509804,0.0661764705882353
301,High+,Hybrid v1,0.8747286237715303,0.45555798455618624,0.7052631578947368,0.8809368900455433,0.11906310995445668,0.8334417696811971,1.0,0.6888888888888889,0.8547794117647058,0.892156862745098,0.10294117647058823
301,High+,Hybrid v2,0.9151799472656919,0.7620986423096642,0.8210526315789474,0.9225764476252439,0.07742355237475607,0.5419648666232921,1.0,0.8111111111111111,0.9393382352941176,0.9215686274509804,0.0661764705882353
301,High+,Isolation Forest,0.9121768311474849,0.5232811476051876,0.6631578947368421,0.9323357189329864,0.06766428106701361,0.47364996746909566,1.0,0.6444444444444445,0.9264705882352942,0.9411764705882353,0.0661764705882353
301,High+,LOF,0.8838817929664761,0.5535490596109304,0.7789473684210526,0.8906961613532857,0.10930383864671434,0.7651268705270007,1.0,0.7666666666666667,0.8566176470588236,0.8774509803921569,0.07352941176470588
302,Moderate+,Layer 1,0.6756531863164743,0.3209708177996305,0.5368421052631579,0.8308392973324659,0.16916070266753414,1.1841249186727392,1.0,0.5111111111111111,0.8382352941176471,0.7450980392156863,0.007352941176470588
302,Moderate+,Layer 2 v1,0.8850460569119611,0.42174751789309634,0.9157894736842105,0.6037735849056604,0.39622641509433965,2.7735849056603774,1.0,0.9111111111111111,0.5294117647058824,0.5980392156862745,0.35294117647058826
302,Moderate+,Layer 2 v2,0.9374687532102866,0.8072234556615553,0.9263157894736842,0.6590761223162004,0.3409238776837996,2.3864671437865974,1.0,0.9222222222222223,0.5955882352941176,0.7401960784313726,0.23529411764705882
302,Moderate+,Hybrid v1,0.889415471013252,0.509774772265397,0.9368421052631579,0.5120364346128823,0.4879635653871177,3.4157449577098244,1.0,0.9333333333333333,0.4522058823529411,0.4852941176470589,0.35294117647058826
302,Moderate+,Hybrid v2,0.9322980515700442,0.7914996106699514,0.9473684210526315,0.5562784645413142,0.44372153545868576,3.1060507482108,1.0,0.9444444444444444,0.5091911764705883,0.553921568627451,0.23529411764705882
302,Moderate+,Isolation Forest,0.8846899291168715,0.4608032215762653,0.6421052631578947,0.9316851008458035,0.06831489915419653,0.4782042940793754,1.0,0.6222222222222222,0.9209558823529411,0.9215686274509804,0.07352941176470588
302,Moderate+,LOF,0.8723898229633942,0.5549904077749533,0.7263157894736842,0.8893949251789199,0.11060507482108006,0.7742355237475601,1.0,0.7111111111111111,0.8731617647058824,0.8774509803921569,0.11029411764705882
302,High+,Layer 1,0.6756531863164743,0.3209708177996305,0.3473684210526316,0.9993493819128172,0.0006506180871828082,0.004554326610279766,1.0,0.3111111111111111,1.0,1.0,0.0
302,High+,Layer 2 v1,0.8850460569119611,0.42174751789309634,0.7263157894736842,0.878334417696812,0.12166558230318802,0.8516590761223162,1.0,0.7111111111111111,0.8492647058823529,0.8872549019607843,0.08823529411764706
302,High+,Layer 2 v2,0.9374687532102866,0.8072234556615553,0.8842105263157894,0.9219258295380611,0.07807417046193887,0.5465191932335719,1.0,0.8777777777777778,0.90625,0.9558823529411765,0.051470588235294115
302,High+,Hybrid v1,0.889415471013252,0.509774772265397,0.7789473684210526,0.8776837996096292,0.12231620039037083,0.8562134027325959,1.0,0.7666666666666667,0.8492647058823529,0.8872549019607843,0.08823529411764706
302,High+,Hybrid v2,0.9322980515700442,0.7914996106699514,0.8842105263157894,0.9212752114508783,0.07872478854912168,0.5510735198438517,1.0,0.8777777777777778,0.90625,0.9558823529411765,0.051470588235294115
302,High+,Isolation Forest,0.8846899291168715,0.4608032215762653,0.6421052631578947,0.9316851008458035,0.06831489915419653,0.4782042940793754,1.0,0.6222222222222222,0.9209558823529411,0.9215686274509804,0.07352941176470588
302,High+,LOF,0.8723898229633942,0.5549904077749533,0.7263157894736842,0.8893949251789199,0.11060507482108006,0.7742355237475601,1.0,0.7111111111111111,0.8731617647058824,0.8774509803921569,0.11029411764705882
303,Moderate+,Layer 1,0.6611238571379654,0.3102830386289464,0.5052631578947369,0.8295380611581002,0.17046193884189975,1.1932335718932987,1.0,0.4777777777777778,0.8216911764705882,0.7843137254901961,0.014705882352941176
303,Moderate+,Layer 2 v1,0.8785672704859089,0.39745584353852303,0.9368421052631579,0.6037735849056604,0.39622641509433965,2.7735849056603774,1.0,0.9333333333333333,0.5827205882352942,0.5343137254901961,0.4485294117647059
303,Moderate+,Layer 2 v2,0.961500530767387,0.8337595406126216,0.968421052631579,0.6395575797007157,0.3604424202992843,2.5230969420949902,1.0,0.9666666666666667,0.6397058823529411,0.5882352941176471,0.3014705882352941
303,Moderate+,Hybrid v1,0.8766599321987466,0.47989425969462307,0.9368421052631579,0.5146389069616135,0.4853610930383865,3.3975276512687054,1.0,0.9333333333333333,0.5018382352941176,0.4362745098039216,0.4485294117647059
303,Moderate+,Hybrid v2,0.9526452761702566,0.8172926171148185,0.968421052631579,0.5432661027976577,0.45673389720234225,3.1971372804163956,1.0,0.9666666666666667,0.5422794117647058,0.4852941176470589,0.3014705882352941
303,Moderate+,Isolation Forest,0.883885217272198,0.47494698234424865,0.6526315789473685,0.911515940143136,0.08848405985686403,0.6193884189980481,1.0,0.6333333333333333,0.9044117647058824,0.9117647058823529,0.125
303,Moderate+,LOF,0.8525939115844263,0.4946179827490789,0.7578947368421053,0.8659726740403383,0.13402732595966171,0.9381912817176318,1.0,0.7444444444444445,0.8602941176470589,0.8774509803921569,0.16911764705882354
303,High+,Layer 1,0.6611238571379654,0.3102830386289464,0.35789473684210527,0.9980481457384516,0.0019518542615484247,0.013662979830839297,1.0,0.32222222222222224,1.0,1.0,0.0
303,High+,Layer 2 v1,0.8785672704859089,0.39745584353852303,0.6842105263157895,0.8685751463890696,0.13142485361093037,0.9199739752765126,1.0,0.6666666666666666,0.8621323529411764,0.857843137254902,0.16911764705882354
303,High+,Layer 2 v2,0.961500530767387,0.8337595406126216,0.9052631578947369,0.9069616135328562,0.0930383864671438,0.6512687052700065,1.0,0.9,0.9246323529411765,0.9117647058823529,0.11764705882352941
303,High+,Hybrid v1,0.8766599321987466,0.47989425969462307,0.7263157894736842,0.8666232921275211,0.1333767078724789,0.933636955107352,1.0,0.7111111111111111,0.8621323529411764,0.857843137254902,0.16911764705882354
303,High+,Hybrid v2,0.9526452761702566,0.8172926171148185,0.9052631578947369,0.9050097592713078,0.09499024072869222,0.6649316851008459,1.0,0.9,0.9246323529411765,0.9117647058823529,0.11764705882352941
303,High+,Isolation Forest,0.883885217272198,0.47494698234424865,0.6526315789473685,0.911515940143136,0.08848405985686403,0.6193884189980481,1.0,0.6333333333333333,0.9044117647058824,0.9117647058823529,0.125
303,High+,LOF,0.8525939115844263,0.4946179827490789,0.7578947368421053,0.8659726740403383,0.13402732595966171,0.9381912817176318,1.0,0.7444444444444445,0.8602941176470589,0.8774509803921569,0.16911764705882354
304,Moderate+,Layer 1,0.658754237578331,0.2999260322969281,0.5157894736842106,0.8236824983734548,0.17631750162654525,1.2342225113858165,1.0,0.4888888888888889,0.8198529411764706,0.7745098039215687,0.014705882352941176
304,Moderate+,Layer 2 v1,0.8737732424750881,0.3995400057351189,0.9157894736842105,0.6174365647364997,0.38256343526350034,2.6779440468445026,1.0,0.9111111111111111,0.59375,0.5637254901960784,0.35294117647058826
304,Moderate+,Layer 2 v2,0.9477348217648872,0.8365281991413636,0.9473684210526315,0.6714378659726741,0.3285621340273259,2.299934938191282,1.0,0.9444444444444444,0.6709558823529411,0.6617647058823529,0.2647058823529412
304,Moderate+,Hybrid v1,0.8623120912235044,0.47869850658368257,0.9157894736842105,0.5126870527000651,0.4873129472999349,3.4111906310995446,1.0,0.9111111111111111,0.4908088235294118,0.4509803921568627,0.35294117647058826
304,Moderate+,Hybrid v2,0.9387699893846522,0.819746173183958,0.9473684210526315,0.5530253741054001,0.4469746258945999,3.128822381262199,1.0,0.9444444444444444,0.5514705882352942,0.5098039215686274,0.27205882352941174
304,Moderate+,Isolation Forest,0.8195493613669829,0.42197973182130827,0.6105263157894737,0.9258295380611581,0.07417046193884191,0.5191932335718933,1.0,0.5888888888888889,0.9227941176470589,0.9019607843137255,0.058823529411764705
304,Moderate+,LOF,0.8385474095127214,0.5483483336529081,0.7789473684210526,0.8919973975276513,0.10800260247234872,0.7560182173064411,1.0,0.7666666666666667,0.8878676470588235,0.8725490196078431,0.1323529411764706
304,High+,Layer 1,0.658754237578331,0.2999260322969281,0.35789473684210527,0.9980481457384516,0.0019518542615484247,0.013662979830839297,1.0,0.32222222222222224,1.0,1.0,0.0
304,High+,Layer 2 v1,0.8737732424750881,0.3995400057351189,0.7473684210526316,0.8906961613532857,0.10930383864671434,0.7651268705270007,1.0,0.7333333333333333,0.8731617647058824,0.892156862745098,0.11029411764705882
304,High+,Layer 2 v2,0.9477348217648872,0.8365281991413636,0.9052631578947369,0.929733246584255,0.07026675341574495,0.4918672739102147,1.0,0.9,0.9430147058823529,0.9411764705882353,0.058823529411764705
304,High+,Hybrid v1,0.8623120912235044,0.47869850658368257,0.7789473684210526,0.8900455432661027,0.10995445673389725,0.7696811971372803,1.0,0.7666666666666667,0.8731617647058824,0.892156862745098,0.11029411764705882
304,High+,Hybrid v2,0.9387699893846522,0.819746173183958,0.9052631578947369,0.9277813923227066,0.07221860767729338,0.505530253741054,1.0,0.9,0.9430147058823529,0.9411764705882353,0.058823529411764705
304,High+,Isolation Forest,0.8195493613669829,0.42197973182130827,0.6105263157894737,0.9258295380611581,0.07417046193884191,0.5191932335718933,1.0,0.5888888888888889,0.9227941176470589,0.9019607843137255,0.058823529411764705
304,High+,LOF,0.8385474095127214,0.5483483336529081,0.7789473684210526,0.8919973975276513,0.10800260247234872,0.7560182173064411,1.0,0.7666666666666667,0.8878676470588235,0.8725490196078431,0.1323529411764706
305,Moderate+,Layer 1,0.6703523610587954,0.31393793105143036,0.5368421052631579,0.8295380611581002,0.17046193884189975,1.1932335718932987,1.0,0.5111111111111111,0.8143382352941176,0.7990196078431373,0.022058823529411766
305,Moderate+,Layer 2 v1,0.8894908057391364,0.45332843078207147,0.9157894736842105,0.586857514638907,0.413142485361093,2.891997397527651,1.0,0.9111111111111111,0.5459558823529411,0.5588235294117647,0.40441176470588236
305,Moderate+,Layer 2 v2,0.9588740882786015,0.8078027702875664,0.9789473684210527,0.6811971372804164,0.3188028627195836,2.231620039037085,1.0,0.9777777777777777,0.6930147058823529,0.6764705882352942,0.29411764705882354
305,Moderate+,Hybrid v1,0.886628086155532,0.5317384464440205,0.9263157894736842,0.49121665582303187,0.5087833441769681,3.561483409238777,1.0,0.9222222222222223,0.45772058823529416,0.43137254901960786,0.40441176470588236
305,Moderate+,Hybrid v2,0.9529329178509058,0.8063397252460577,0.9789473684210527,0.5744957709824333,0.4255042290175667,2.9785296031229667,1.0,0.9777777777777777,0.5735294117647058,0.5637254901960784,0.29411764705882354
305,Moderate+,Isolation Forest,0.8779988357360545,0.4868887979873786,0.6947368421052632,0.9167208848405985,0.08327911515940145,0.58295380611581,1.0,0.6777777777777778,0.8952205882352942,0.9068627450980392,0.051470588235294115
305,Moderate+,LOF,0.8473786939697976,0.5801638025079333,0.7894736842105263,0.8906961613532857,0.10930383864671434,0.7651268705270007,1.0,0.7777777777777778,0.8676470588235294,0.8676470588235294,0.09558823529411764
305,High+,Layer 1,0.6703523610587954,0.31393793105143036,0.3473684210526316,0.9993493819128172,0.0006506180871828082,0.004554326610279766,1.0,0.3111111111111111,0.9981617647058824,1.0,0.0
305,High+,Layer 2 v1,0.8894908057391364,0.45332843078207147,0.7052631578947368,0.8893949251789199,0.11060507482108006,0.7742355237475601,1.0,0.6888888888888889,0.8676470588235294,0.8627450980392157,0.09558823529411764
305,High+,Layer 2 v2,0.9588740882786015,0.8078027702875664,0.8631578947368421,0.933636955107352,0.066363044892648,0.4645413142485362,1.0,0.8555555555555555,0.9356617647058824,0.9705882352941176,0.058823529411764705
305,High+,Hybrid v1,0.886628086155532,0.5317384464440205,0.7578947368421053,0.8893949251789199,0.11060507482108006,0.7742355237475601,1.0,0.7444444444444445,0.8676470588235294,0.8627450980392157,0.09558823529411764
305,High+,Hybrid v2,0.9529329178509058,0.8063397252460577,0.8631578947368421,0.933636955107352,0.066363044892648,0.4645413142485362,1.0,0.8555555555555555,0.9356617647058824,0.9705882352941176,0.058823529411764705
305,High+,Isolation Forest,0.8779988357360545,0.4868887979873786,0.6947368421052632,0.9167208848405985,0.08327911515940145,0.58295380611581,1.0,0.6777777777777778,0.8952205882352942,0.9068627450980392,0.051470588235294115
305,High+,LOF,0.8473786939697976,0.5801638025079333,0.7894736842105263,0.8906961613532857,0.10930383864671434,0.7651268705270007,1.0,0.7777777777777778,0.8676470588235294,0.8676470588235294,0.09558823529411764
306,Moderate+,Layer 1,0.6466287710166764,0.3172117109665992,0.49473684210526314,0.8282368249837345,0.17176317501626548,1.2023422251138582,1.0,0.4666666666666667,0.8235294117647058,0.7892156862745098,0.014705882352941176
306,Moderate+,Layer 2 v1,0.8567989590110605,0.3621209595175739,0.9157894736842105,0.5751463890696161,0.4248536109303839,2.9739752765126872,1.0,0.9111111111111111,0.5147058823529411,0.4950980392156863,0.39705882352941174
306,Moderate+,Layer 2 v2,0.9329692154915591,0.7720875169855037,0.9368421052631579,0.682498373454782,0.31750162654521796,2.2225113858165257,1.0,0.9333333333333333,0.6911764705882353,0.6666666666666667,0.29411764705882354
306,Moderate+,Hybrid v1,0.8508235455261445,0.4486223035310618,0.9263157894736842,0.48991541964866625,0.5100845803513337,3.5705920624593364,1.0,0.9222222222222223,0.44485294117647056,0.4019607843137255,0.39705882352941174
306,Moderate+,Hybrid v2,0.9245248775810706,0.7582027126055786,0.9473684210526315,0.5744957709824333,0.4255042290175667,2.9785296031229667,1.0,0.9444444444444444,0.5808823529411764,0.5392156862745099,0.29411764705882354
306,Moderate+,Isolation Forest,0.8570112659658254,0.4574050776627234,0.6736842105263158,0.9154196486662329,0.08458035133376707,0.5920624593363696,1.0,0.6555555555555556,0.8988970588235294,0.9166666666666666,0.08088235294117647
306,Moderate+,LOF,0.8559360339691129,0.5101767622479453,0.7789473684210526,0.878334417696812,0.12166558230318802,0.8516590761223162,1.0,0.7666666666666667,0.8768382352941176,0.803921568627451,0.09558823529411764
306,High+,Layer 1,0.6466287710166764,0.3172117109665992,0.3368421052631579,0.9980481457384516,0.0019518542615484247,0.013662979830839297,1.0,0.3,1.0,0.9901960784313726,0.0
306,High+,Layer 2 v1,0.8567989590110605,0.3621209595175739,0.6736842105263158,0.8685751463890696,0.13142485361093037,0.9199739752765126,1.0,0.6555555555555556,0.8547794117647058,0.8431372549019608,0.14705882352941177
306,High+,Layer 2 v2,0.9329692154915591,0.7720875169855037,0.8421052631578947,0.9154196486662329,0.08458035133376707,0.5920624593363696,1.0,0.8333333333333334,0.9209558823529411,0.9068627450980392,0.07352941176470588
306,High+,Hybrid v1,0.8508235455261445,0.4486223035310618,0.7052631578947368,0.867273910214704,0.132726089785296,0.9290826284970723,1.0,0.6888888888888889,0.8547794117647058,0.8382352941176471,0.14705882352941177
306,High+,Hybrid v2,0.9245248775810706,0.7582027126055786,0.8421052631578947,0.9141184124918673,0.08588158750813268,0.6011711125569291,1.0,0.8333333333333334,0.9209558823529411,0.9019607843137255,0.07352941176470588
306,High+,Isolation Forest,0.8570112659658254,0.4574050776627234,0.6736842105263158,0.9154196486662329,0.08458035133376707,0.5920624593363696,1.0,0.6555555555555556,0.8988970588235294,0.9166666666666666,0.08088235294117647
306,High+,LOF,0.8559360339691129,0.5101767622479453,0.7789473684210526,0.878334417696812,0.12166558230318802,0.8516590761223162,1.0,0.7666666666666667,0.8768382352941176,0.803921568627451,0.09558823529411764
307,Moderate+,Layer 1,0.6502071704961819,0.31458926098027795,0.5157894736842106,0.8178269355888094,0.18217306441119063,1.2752114508783343,1.0,0.4888888888888889,0.8345588235294118,0.7745098039215687,0.007352941176470588
307,Moderate+,Layer 2 v1,0.8667876588021778,0.35246010490290525,0.9263157894736842,0.5972674040338322,0.40273259596616784,2.819128171763175,1.0,0.9222222222222223,0.5643382352941176,0.5784313725490196,0.34558823529411764
307,Moderate+,Layer 2 v2,0.94056774988871,0.7783226262264107,0.9368421052631579,0.6714378659726741,0.3285621340273259,2.299934938191282,1.0,0.9333333333333333,0.7003676470588236,0.696078431372549,0.27205882352941174
307,Moderate+,Hybrid v1,0.8652980858131014,0.4392618660532871,0.9578947368421052,0.5042290175666884,0.49577098243331164,3.4703968770331812,1.0,0.9555555555555556,0.4816176470588235,0.4852941176470589,0.34558823529411764
307,Moderate+,Hybrid v2,0.9328322432626786,0.7707836022712662,0.9473684210526315,0.5666883539362394,0.4333116460637606,3.033181522446324,1.0,0.9444444444444444,0.5900735294117647,0.5441176470588236,0.27205882352941174
307,Moderate+,Isolation Forest,0.876252439817827,0.4461971493029775,0.6421052631578947,0.9206245933636955,0.07937540663630449,0.5556278464541314,0.8,0.6333333333333333,0.9209558823529411,0.9117647058823529,0.11029411764705882
307,Moderate+,LOF,0.8448994966270589,0.5184455451264661,0.7473684210526316,0.8906961613532857,0.10930383864671434,0.7651268705270007,1.0,0.7333333333333333,0.8786764705882353,0.8725490196078431,0.09558823529411764
307,High+,Layer 1,0.6502071704961819,0.31458926098027795,0.3263157894736842,0.9980481457384516,0.0019518542615484247,0.013662979830839297,1.0,0.28888888888888886,1.0,0.9901960784313726,0.0
307,High+,Layer 2 v1,0.8667876588021778,0.35246010490290525,0.631578947368421,0.8815875081327261,0.11841249186727387,0.8288874430709174,1.0,0.6111111111111112,0.8768382352941176,0.8480392156862745,0.08823529411764706
307,High+,Layer 2 v2,0.94056774988871,0.7783226262264107,0.8421052631578947,0.9102147039687704,0.08978529603122964,0.6284970722186077,1.0,0.8333333333333334,0.9246323529411765,0.9362745098039216,0.09558823529411764
307,High+,Hybrid v1,0.8652980858131014,0.4392618660532871,0.6736842105263158,0.8815875081327261,0.11841249186727387,0.8288874430709174,1.0,0.6555555555555556,0.8768382352941176,0.8480392156862745,0.08823529411764706
307,High+,Hybrid v2,0.9328322432626786,0.7707836022712662,0.8421052631578947,0.9089134677944047,0.09108653220559526,0.6376057254391672,1.0,0.8333333333333334,0.9246323529411765,0.9264705882352942,0.09558823529411764
307,High+,Isolation Forest,0.876252439817827,0.4461971493029775,0.6421052631578947,0.9206245933636955,0.07937540663630449,0.5556278464541314,0.8,0.6333333333333333,0.9209558823529411,0.9117647058823529,0.11029411764705882
307,High+,LOF,0.8448994966270589,0.5184455451264661,0.7473684210526316,0.8906961613532857,0.10930383864671434,0.7651268705270007,1.0,0.7333333333333333,0.8786764705882353,0.8725490196078431,0.09558823529411764
308,Moderate+,Layer 1,0.6519980823887958,0.3150451422645272,0.49473684210526314,0.8275862068965517,0.1724137931034483,1.206896551724138,1.0,0.4666666666666667,0.8051470588235294,0.8235294117647058,0.03676470588235294
308,Moderate+,Layer 2 v1,0.8780673218504949,0.3747340296603977,0.9578947368421052,0.5907612231620039,0.40923877683799614,2.864671437865973,1.0,0.9555555555555556,0.5551470588235294,0.553921568627451,0.36764705882352944
308,Moderate+,Layer 2 v2,0.9546005547375269,0.7779363000535281,0.9578947368421052,0.6720884840598569,0.3279115159401431,2.2953806115810016,1.0,0.9555555555555556,0.6544117647058824,0.6519607843137255,0.20588235294117646
308,Moderate+,Hybrid v1,0.8636715405951443,0.462738682401892,0.9578947368421052,0.5003253090435914,0.4996746909564086,3.49772283669486,1.0,0.9555555555555556,0.4558823529411765,0.47058823529411764,0.375
308,Moderate+,Hybrid v2,0.9361538198130329,0.7586671143414432,0.9578947368421052,0.5673389720234222,0.4326610279765778,3.028627195836044,1.0,0.9555555555555556,0.53125,0.5441176470588236,0.22058823529411764
308,Moderate+,Isolation Forest,0.8689826387699894,0.4133175063256242,0.6,0.9212752114508783,0.07872478854912168,0.5510735198438517,1.0,0.5777777777777777,0.9191176470588235,0.8970588235294118,0.058823529411764705
308,Moderate+,LOF,0.8625689141526556,0.5230244376080325,0.7157894736842105,0.8763825634352636,0.12361743656473645,0.8653220559531556,1.0,0.7,0.8805147058823529,0.8431372549019608,0.08088235294117647
308,High+,Layer 1,0.6519980823887958,0.3150451422645272,0.3473684210526316,0.9986987638256344,0.0013012361743656164,0.009108653220559532,1.0,0.3111111111111111,1.0,0.9901960784313726,0.0
308,High+,Layer 2 v1,0.8780673218504949,0.3747340296603977,0.6842105263157895,0.8718282368249838,0.12817176317501622,0.8972023422251139,1.0,0.6666666666666666,0.8547794117647058,0.8431372549019608,0.0661764705882353
308,High+,Layer 2 v2,0.9546005547375269,0.7779363000535281,0.8210526315789474,0.9284320104098894,0.07156798959011057,0.5009759271307743,1.0,0.8111111111111111,0.9319852941176471,0.9411764705882353,0.03676470588235294
308,High+,Hybrid v1,0.8636715405951443,0.462738682401892,0.6947368421052632,0.8718282368249838,0.12817176317501622,0.8972023422251139,1.0,0.6777777777777778,0.8547794117647058,0.8431372549019608,0.0661764705882353
308,High+,Hybrid v2,0.9361538198130329,0.7586671143414432,0.8210526315789474,0.9271307742355237,0.0728692257644763,0.5100845803513337,1.0,0.8111111111111111,0.9319852941176471,0.9313725490196079,0.03676470588235294
308,High+,Isolation Forest,0.8689826387699894,0.4133175063256242,0.6,0.9212752114508783,0.07872478854912168,0.5510735198438517,1.0,0.5777777777777777,0.9191176470588235,0.8970588235294118,0.058823529411764705
308,High+,LOF,0.8625689141526556,0.5230244376080325,0.7157894736842105,0.8763825634352636,0.12361743656473645,0.8653220559531556,1.0,0.7,0.8805147058823529,0.8431372549019608,0.08088235294117647
309,Moderate+,Layer 1,0.6712461048522411,0.3118723550844293,0.5368421052631579,0.8360442420299284,0.16395575797007156,1.1476903057905008,1.0,0.5111111111111111,0.8474264705882353,0.7892156862745098,0.007352941176470588
309,Moderate+,Layer 2 v1,0.8728521042358661,0.3985784817138125,0.9263157894736842,0.5855562784645413,0.4144437215354587,2.9011060507482105,1.0,0.9222222222222223,0.5551470588235294,0.5441176470588236,0.4411764705882353
309,Moderate+,Layer 2 v2,0.9405061123857138,0.805938387944687,0.9368421052631579,0.6506180871828237,0.34938191281717634,2.4456733897202345,1.0,0.9333333333333333,0.6323529411764706,0.7156862745098039,0.38235294117647056
309,Moderate+,Hybrid v1,0.8808444337910488,0.4909678694736555,0.9368421052631579,0.49186727391021473,0.5081327260897852,3.556929082628497,1.0,0.9333333333333333,0.47610294117647056,0.42647058823529416,0.4411764705882353
309,Moderate+,Hybrid v2,0.9375612094647809,0.7923186957768243,0.968421052631579,0.5432661027976577,0.45673389720234225,3.1971372804163956,1.0,0.9666666666666667,0.5422794117647058,0.5441176470588236,0.38235294117647056
309,Moderate+,Isolation Forest,0.8425641201246448,0.382432755284773,0.5684210526315789,0.9134677944046844,0.0865322055953156,0.6057254391672089,1.0,0.5444444444444444,0.9099264705882353,0.9166666666666666,0.10294117647058823
309,Moderate+,LOF,0.8320651987809472,0.5149562119637946,0.7157894736842105,0.8835393623942746,0.11646063760572545,0.815224463240078,1.0,0.7,0.8731617647058824,0.8529411764705882,0.11029411764705882
309,High+,Layer 1,0.6712461048522411,0.3118723550844293,0.35789473684210527,0.9986987638256344,0.0013012361743656164,0.009108653220559532,1.0,0.32222222222222224,0.9981617647058824,1.0,0.0
309,High+,Layer 2 v1,0.8728521042358661,0.3985784817138125,0.7052631578947368,0.8809368900455433,0.11906310995445668,0.8334417696811971,1.0,0.6888888888888889,0.875,0.8725490196078431,0.1323529411764706
309,High+,Layer 2 v2,0.9405061123857138,0.805938387944687,0.8421052631578947,0.9193233571893299,0.08067664281067011,0.564736499674691,1.0,0.8333333333333334,0.9301470588235294,0.9411764705882353,0.07352941176470588
309,High+,Hybrid v1,0.8808444337910488,0.4909678694736555,0.7578947368421053,0.8802862719583604,0.1197137280416396,0.8379960962914769,1.0,0.7444444444444445,0.875,0.8725490196078431,0.1323529411764706
309,High+,Hybrid v2,0.9375612094647809,0.7923186957768243,0.8421052631578947,0.9186727391021471,0.08132726089785292,0.5692908262849707,1.0,0.8333333333333334,0.9301470588235294,0.9411764705882353,0.07352941176470588
309,High+,Isolation Forest,0.8425641201246448,0.382432755284773,0.5684210526315789,0.9134677944046844,0.0865322055953156,0.6057254391672089,1.0,0.5444444444444444,0.9099264705882353,0.9166666666666666,0.10294117647058823
309,High+,LOF,0.8320651987809472,0.5149562119637946,0.7157894736842105,0.8835393623942746,0.11646063760572545,0.815224463240078,1.0,0.7,0.8731617647058824,0.8529411764705882,0.11029411764705882
310,Moderate+,Layer 1,0.6555901790911893,0.2992895667595115,0.49473684210526314,0.8256343526350033,0.1743656473649967,1.220559531554977,1.0,0.4666666666666667,0.8235294117647058,0.7696078431372549,0.007352941176470588
310,Moderate+,Layer 2 v1,0.875800431462521,0.36719482044214913,0.9473684210526315,0.5881587508132726,0.4118412491867274,2.882888744307092,1.0,0.9444444444444444,0.5588235294117647,0.5049019607843137,0.4264705882352941
310,Moderate+,Layer 2 v2,0.9434921069753107,0.8097715582090039,0.9368421052631579,0.6499674690956408,0.35003253090435915,2.450227716330514,1.0,0.9333333333333333,0.6599264705882353,0.6519607843137255,0.3382352941176471
310,Moderate+,Hybrid v1,0.865219326781495,0.4470087515864469,0.9578947368421052,0.49642160052049444,0.5035783994795056,3.525048796356539,1.0,0.9555555555555556,0.46875,0.4117647058823529,0.4264705882352941
310,Moderate+,Hybrid v2,0.9322158682327157,0.784260214245441,0.9473684210526315,0.5530253741054001,0.4469746258945999,3.128822381262199,1.0,0.9444444444444444,0.5551470588235294,0.5392156862745099,0.3382352941176471
310,Moderate+,Isolation Forest,0.8714721090298942,0.42956830808161767,0.6736842105263158,0.9030579050097592,0.09694209499024076,0.6785946649316851,1.0,0.6555555555555556,0.8878676470588235,0.8872549019607843,0.09558823529411764
310,Moderate+,LOF,0.8637194808752526,0.5027441990591928,0.7684210526315789,0.8620689655172413,0.13793103448275867,0.9655172413793103,1.0,0.7555555555555555,0.8308823529411764,0.8676470588235294,0.13970588235294118
310,High+,Layer 1,0.6555901790911893,0.2992895667595115,0.35789473684210527,0.9980481457384516,0.0019518542615484247,0.013662979830839297,1.0,0.32222222222222224,0.9981617647058824,1.0,0.0
310,High+,Layer 2 v1,0.875800431462521,0.36719482044214913,0.6842105263157895,0.8698763825634352,0.13012361743656475,0.910865322055953,1.0,0.6666666666666666,0.8419117647058824,0.8774509803921569,0.13970588235294118
310,High+,Layer 2 v2,0.9434921069753107,0.8097715582090039,0.8526315789473684,0.9089134677944047,0.09108653220559526,0.6376057254391672,1.0,0.8444444444444444,0.9154411764705882,0.9215686274509804,0.10294117647058823
310,High+,Hybrid v1,0.865219326781495,0.4470087515864469,0.7052631578947368,0.8685751463890696,0.13142485361093037,0.9199739752765126,1.0,0.6888888888888889,0.8419117647058824,0.8774509803921569,0.13970588235294118
310,High+,Hybrid v2,0.9322158682327157,0.784260214245441,0.8526315789473684,0.907612231620039,0.09238776837996099,0.6467143786597267,1.0,0.8444444444444444,0.9154411764705882,0.9215686274509804,0.10294117647058823
310,High+,Isolation Forest,0.8714721090298942,0.42956830808161767,0.6736842105263158,0.9030579050097592,0.09694209499024076,0.6785946649316851,1.0,0.6555555555555556,0.8878676470588235,0.8872549019607843,0.09558823529411764
310,High+,LOF,0.8637194808752526,0.5027441990591928,0.7684210526315789,0.8620689655172413,0.13793103448275867,0.9655172413793103,1.0,0.7555555555555555,0.8308823529411764,0.8676470588235294,0.13970588235294118
311,Moderate+,Layer 1,0.6440468445022771,0.2989447327472963,0.4842105263157895,0.8295380611581002,0.17046193884189975,1.1932335718932987,1.0,0.45555555555555555,0.8216911764705882,0.7941176470588236,0.022058823529411766
311,Moderate+,Layer 2 v1,0.8819641817621476,0.4202475523497369,0.9263157894736842,0.6083279115159401,0.3916720884840599,2.741704619388419,1.0,0.9222222222222223,0.5753676470588236,0.5392156862745099,0.3161764705882353
311,Moderate+,Layer 2 v2,0.9549977742012807,0.8029155942012939,0.9578947368421052,0.6675341574495771,0.3324658425504229,2.3272608978529603,1.0,0.9555555555555556,0.6838235294117647,0.6568627450980392,0.27205882352941174
311,Moderate+,Hybrid v1,0.8662157997466015,0.4693421853148248,0.9368421052631579,0.5152895250487963,0.4847104749512037,3.3929733246584255,1.0,0.9333333333333333,0.4908088235294118,0.4362745098039216,0.3161764705882353
311,Moderate+,Hybrid v2,0.9410608499126805,0.7810385427005304,0.9578947368421052,0.5627846454131424,0.43721535458685756,3.0605074821080027,1.0,0.9555555555555556,0.5680147058823529,0.5196078431372548,0.2867647058823529
311,Moderate+,Isolation Forest,0.8812724720063007,0.5131226155496534,0.6736842105263158,0.9154196486662329,0.08458035133376707,0.5920624593363696,1.0,0.6555555555555556,0.9025735294117647,0.9313725490196079,0.08823529411764706
311,Moderate+,LOF,0.8986850666027463,0.5755494222021588,0.8,0.8718282368249838,0.12817176317501622,0.8972023422251139,1.0,0.7888888888888889,0.8584558823529411,0.8725490196078431,0.08088235294117647
311,High+,Layer 1,0.6440468445022771,0.2989447327472963,0.3368421052631579,0.9993493819128172,0.0006506180871828082,0.004554326610279766,1.0,0.3,0.9981617647058824,1.0,0.0
311,High+,Layer 2 v1,0.8819641817621476,0.4202475523497369,0.7368421052631579,0.8750813272608978,0.12491867273910218,0.874430709173715,1.0,0.7222222222222222,0.8566176470588236,0.8676470588235294,0.07352941176470588
311,High+,Layer 2 v2,0.9549977742012807,0.8029155942012939,0.8421052631578947,0.9173715029277814,0.08262849707221864,0.5783994795055302,1.0,0.8333333333333334,0.9154411764705882,0.9117647058823529,0.04411764705882353
311,High+,Hybrid v1,0.8662157997466015,0.4693421853148248,0.7578947368421053,0.8750813272608978,0.12491867273910218,0.874430709173715,1.0,0.7444444444444445,0.8566176470588236,0.8676470588235294,0.07352941176470588
311,High+,Hybrid v2,0.9410608499126805,0.7810385427005304,0.8421052631578947,0.9173715029277814,0.08262849707221864,0.5783994795055302,1.0,0.8333333333333334,0.9154411764705882,0.9117647058823529,0.04411764705882353
311,High+,Isolation Forest,0.8812724720063007,0.5131226155496534,0.6736842105263158,0.9154196486662329,0.08458035133376707,0.5920624593363696,1.0,0.6555555555555556,0.9025735294117647,0.9313725490196079,0.08823529411764706
311,High+,LOF,0.8986850666027463,0.5755494222021588,0.8,0.8718282368249838,0.12817176317501622,0.8972023422251139,1.0,0.7888888888888889,0.8584558823529411,0.8725490196078431,0.08088235294117647
312,Moderate+,Layer 1,0.6632914426600007,0.3085697280616187,0.5368421052631579,0.8262849707221861,0.1737150292778139,1.2160052049446974,1.0,0.5111111111111111,0.8088235294117647,0.8088235294117647,0.029411764705882353
312,Moderate+,Layer 2 v1,0.8513440399958907,0.3632766718190051,0.8631578947368421,0.6018217306441119,0.39817826935588807,2.7872478854912166,1.0,0.8555555555555555,0.5349264705882353,0.5343137254901961,0.33088235294117646
312,Moderate+,Layer 2 v2,0.9120775262815464,0.7607312827793179,0.8947368421052632,0.657124268054652,0.34287573194534804,2.4001301236174366,1.0,0.8888888888888888,0.6672794117647058,0.6225490196078431,0.27941176470588236
312,Moderate+,Hybrid v1,0.8529911310481799,0.4563515323782666,0.8842105263157894,0.5074821080026025,0.4925178919973975,3.4476252439817827,1.0,0.8777777777777778,0.4411764705882353,0.4558823529411765,0.33088235294117646
312,Moderate+,Hybrid v2,0.9047358148135466,0.7540746562782834,0.9052631578947369,0.5549772283669486,0.4450227716330514,3.1151594014313595,1.0,0.9,0.5330882352941176,0.5392156862745099,0.27941176470588236
312,Moderate+,Isolation Forest,0.8630585898709036,0.5027699268875703,0.631578947368421,0.9180221210149642,0.08197787898503583,0.5738451528952504,1.0,0.6111111111111112,0.90625,0.9068627450980392,0.125
312,Moderate+,LOF,0.8615347738246071,0.5224367182892332,0.7368421052631579,0.885491216655823,0.11450878334417702,0.8015614834092388,1.0,0.7222222222222222,0.8621323529411764,0.8872549019607843,0.13970588235294118
312,High+,Layer 1,0.6632914426600007,0.3085697280616187,0.3368421052631579,0.9986987638256344,0.0013012361743656164,0.009108653220559532,1.0,0.3,1.0,1.0,0.0
312,High+,Layer 2 v1,0.8513440399958907,0.3632766718190051,0.6210526315789474,0.878334417696812,0.12166558230318802,0.8516590761223162,1.0,0.6,0.8547794117647058,0.8774509803921569,0.125
312,High+,Layer 2 v2,0.9120775262815464,0.7607312827793179,0.8,0.9251789199739753,0.07482108002602472,0.523747560182173,1.0,0.7888888888888889,0.9375,0.9215686274509804,0.058823529411764705
312,High+,Hybrid v1,0.8529911310481799,0.4563515323782666,0.6947368421052632,0.8770331815224464,0.12296681847755364,0.8607677293428758,1.0,0.6777777777777778,0.8547794117647058,0.8774509803921569,0.125
312,High+,Hybrid v2,0.9047358148135466,0.7540746562782834,0.8,0.9238776837996097,0.07612231620039034,0.5328562134027326,1.0,0.7888888888888889,0.9375,0.9215686274509804,0.058823529411764705
312,High+,Isolation Forest,0.8630585898709036,0.5027699268875703,0.631578947368421,0.9180221210149642,0.08197787898503583,0.5738451528952504,1.0,0.6111111111111112,0.90625,0.9068627450980392,0.125
312,High+,LOF,0.8615347738246071,0.5224367182892332,0.7368421052631579,0.885491216655823,0.11450878334417702,0.8015614834092388,1.0,0.7222222222222222,0.8621323529411764,0.8872549019607843,0.13970588235294118
313,Moderate+,Layer 1,0.6821901859398007,0.3151368496234519,0.5473684210526316,0.845152895250488,0.15484710474951202,1.0839297332465843,1.0,0.5222222222222223,0.8400735294117647,0.7892156862745098,0.007352941176470588
313,Moderate+,Layer 2 v1,0.853682840804027,0.364368712573669,0.8947368421052632,0.586857514638907,0.413142485361093,2.891997397527651,1.0,0.8888888888888888,0.5441176470588236,0.5245098039215687,0.3382352941176471
313,Moderate+,Layer 2 v2,0.9328253946512345,0.7833294364068663,0.9157894736842105,0.6688353936239427,0.33116460637605727,2.318152244632401,1.0,0.9111111111111111,0.6488970588235294,0.6617647058823529,0.22794117647058823
313,Moderate+,Hybrid v1,0.8582131972742526,0.4764763927710921,0.9157894736842105,0.5061808718282368,0.4938191281717632,3.456733897202342,1.0,0.9111111111111111,0.4632352941176471,0.4362745098039216,0.3382352941176471
313,Moderate+,Hybrid v2,0.9284080402698354,0.782413772494034,0.9368421052631579,0.5764476252439817,0.42355237475601826,2.9648666232921275,1.0,0.9333333333333333,0.5477941176470589,0.5343137254901961,0.22794117647058823
313,Moderate+,Isolation Forest,0.8777248912782935,0.45129152809676426,0.6421052631578947,0.9277813923227066,0.07221860767729338,0.505530253741054,1.0,0.6222222222222222,0.9227941176470589,0.9019607843137255,0.029411764705882353
313,Moderate+,LOF,0.8404889908571037,0.4932657551618421,0.7052631578947368,0.8900455432661027,0.10995445673389725,0.7696811971372803,1.0,0.6888888888888889,0.875,0.892156862745098,0.0661764705882353
313,High+,Layer 1,0.6821901859398007,0.3151368496234519,0.3263157894736842,0.9986987638256344,0.0013012361743656164,0.009108653220559532,1.0,0.28888888888888886,1.0,1.0,0.0
313,High+,Layer 2 v1,0.853682840804027,0.364368712573669,0.6736842105263158,0.8731294729993494,0.1268705270006506,0.8880936890045544,1.0,0.6555555555555556,0.8492647058823529,0.8529411764705882,0.08088235294117647
313,High+,Layer 2 v2,0.9328253946512345,0.7833294364068663,0.8210526315789474,0.9212752114508783,0.07872478854912168,0.5510735198438517,1.0,0.8111111111111111,0.9172794117647058,0.9313725490196079,0.058823529411764705
313,High+,Hybrid v1,0.8582131972742526,0.4764763927710921,0.7052631578947368,0.8718282368249838,0.12817176317501622,0.8972023422251139,1.0,0.6888888888888889,0.8492647058823529,0.8529411764705882,0.08088235294117647
313,High+,Hybrid v2,0.9284080402698354,0.782413772494034,0.8210526315789474,0.9199739752765127,0.0800260247234873,0.5601821730644112,1.0,0.8111111111111111,0.9172794117647058,0.9313725490196079,0.058823529411764705
313,High+,Isolation Forest,0.8777248912782935,0.45129152809676426,0.6421052631578947,0.9277813923227066,0.07221860767729338,0.505530253741054,1.0,0.6222222222222222,0.9227941176470589,0.9019607843137255,0.029411764705882353
313,High+,LOF,0.8404889908571037,0.4932657551618421,0.7052631578947368,0.8900455432661027,0.10995445673389725,0.7696811971372803,1.0,0.6888888888888889,0.875,0.892156862745098,0.0661764705882353
314,Moderate+,Layer 1,0.6469129883916036,0.32699635674571376,0.49473684210526314,0.8223812621990891,0.17761873780091086,1.243331164606376,1.0,0.4666666666666667,0.8161764705882353,0.75,0.007352941176470588
314,Moderate+,Layer 2 v1,0.8379789747628668,0.355525284146506,0.8842105263157894,0.5810019518542615,0.4189980481457385,2.932986337020169,1.0,0.8777777777777778,0.5404411764705883,0.5343137254901961,0.41911764705882354
314,Moderate+,Layer 2 v2,0.8933499982878472,0.7243898597227989,0.8842105263157894,0.6389069616135329,0.3610930383864671,2.52765126870527,1.0,0.8777777777777778,0.6158088235294117,0.6029411764705883,0.3088235294117647
314,Moderate+,Hybrid v1,0.8314111563880422,0.4446580340855325,0.8947368421052632,0.48796356538711777,0.5120364346128823,3.584255042290176,1.0,0.8888888888888888,0.4558823529411765,0.43137254901960786,0.41911764705882354
314,Moderate+,Hybrid v2,0.8792178885730917,0.7016208301616059,0.8842105263157894,0.5400130123617437,0.4599869876382563,3.2199089134677945,1.0,0.8777777777777778,0.5147058823529411,0.48039215686274506,0.3088235294117647
314,Moderate+,Isolation Forest,0.812228195733315,0.38855883451112055,0.5368421052631579,0.9089134677944047,0.09108653220559526,0.6376057254391672,0.8,0.5222222222222223,0.9099264705882353,0.892156862745098,0.14705882352941177
314,Moderate+,LOF,0.7995651131733041,0.4641892944504135,0.7052631578947368,0.870527000650618,0.12947299934938195,0.9063109954456734,1.0,0.6888888888888889,0.8621323529411764,0.8333333333333334,0.14705882352941177
314,High+,Layer 1,0.6469129883916036,0.32699635674571376,0.3368421052631579,0.9980481457384516,0.0019518542615484247,0.013662979830839297,1.0,0.3,0.9963235294117647,0.9950980392156863,0.0
314,High+,Layer 2 v1,0.8379789747628668,0.355525284146506,0.6,0.8776837996096292,0.12231620039037083,0.8562134027325959,1.0,0.5777777777777777,0.8639705882352942,0.8725490196078431,0.125
314,High+,Layer 2 v2,0.8933499982878472,0.7243898597227989,0.7894736842105263,0.9245283018867925,0.07547169811320753,0.5283018867924528,1.0,0.7777777777777778,0.9227941176470589,0.9215686274509804,0.03676470588235294
314,High+,Hybrid v1,0.8314111563880422,0.4446580340855325,0.6842105263157895,0.8770331815224464,0.12296681847755364,0.8607677293428758,1.0,0.6666666666666666,0.8639705882352942,0.8676470588235294,0.125
314,High+,Hybrid v2,0.8792178885730917,0.7016208301616059,0.7894736842105263,0.9232270657124269,0.07677293428757315,0.5374105400130124,1.0,0.7777777777777778,0.9209558823529411,0.9166666666666666,0.03676470588235294
314,High+,Isolation Forest,0.812228195733315,0.38855883451112055,0.5368421052631579,0.9089134677944047,0.09108653220559526,0.6376057254391672,0.8,0.5222222222222223,0.9099264705882353,0.892156862745098,0.14705882352941177
314,High+,LOF,0.7995651131733041,0.4641892944504135,0.7052631578947368,0.870527000650618,0.12947299934938195,0.9063109954456734,1.0,0.6888888888888889,0.8621323529411764,0.8333333333333334,0.14705882352941177
315,Moderate+,Layer 1,0.6463719480875253,0.2840885220252914,0.47368421052631576,0.8405985686402082,0.1594014313597918,1.1158100195185425,1.0,0.4444444444444444,0.8161764705882353,0.803921568627451,0.022058823529411766
315,Moderate+,Layer 2 v1,0.8676403109269595,0.3681674871318098,0.9263157894736842,0.5686402081977879,0.43135979180221207,3.0195185426154847,1.0,0.9222222222222223,0.5367647058823529,0.5294117647058824,0.4632352941176471
315,Moderate+,Layer 2 v2,0.9068657329726397,0.7866122304349287,0.8842105263157894,0.6265452179570592,0.3734547820429408,2.6141834743005856,1.0,0.8777777777777778,0.6323529411764706,0.6274509803921569,0.3088235294117647
315,Moderate+,Hybrid v1,0.8639865767215696,0.4557468215373842,0.9263157894736842,0.4886141834743006,0.5113858165256995,3.5797007156798957,1.0,0.9222222222222223,0.44852941176470584,0.4607843137254902,0.47058823529411764
315,Moderate+,Hybrid v2,0.89680512276136,0.7692098186946534,0.8842105263157894,0.5361093038386467,0.46389069616135326,3.2472348731294733,1.0,0.8777777777777778,0.5294117647058824,0.5294117647058824,0.3161764705882353
315,Moderate+,Isolation Forest,0.8351059822620963,0.38569415559452935,0.5263157894736842,0.9102147039687704,0.08978529603122964,0.6284970722186077,0.8,0.5111111111111111,0.9191176470588235,0.9019607843137255,0.10294117647058823
315,Moderate+,LOF,0.865428209430538,0.527104587955859,0.8,0.8666232921275211,0.1333767078724789,0.933636955107352,1.0,0.7888888888888889,0.8639705882352942,0.8284313725490196,0.13970588235294118
315,High+,Layer 1,0.6463719480875253,0.2840885220252914,0.3157894736842105,0.9980481457384516,0.0019518542615484247,0.013662979830839297,1.0,0.2777777777777778,1.0,0.9950980392156863,0.0
315,High+,Layer 2 v1,0.8676403109269595,0.3681674871318098,0.7263157894736842,0.8542615484710475,0.14573845152895248,1.0201691607026675,1.0,0.7111111111111111,0.8363970588235294,0.8235294117647058,0.16176470588235295
315,High+,Layer 2 v2,0.9068657329726397,0.7866122304349287,0.8421052631578947,0.9134677944046844,0.0865322055953156,0.6057254391672089,1.0,0.8333333333333334,0.9154411764705882,0.9117647058823529,0.10294117647058823
315,High+,Hybrid v1,0.8639865767215696,0.4557468215373842,0.7684210526315789,0.8536109303838647,0.1463890696161353,1.0247234873129472,1.0,0.7555555555555555,0.8363970588235294,0.8235294117647058,0.16176470588235295
315,High+,Hybrid v2,0.89680512276136,0.7692098186946534,0.8421052631578947,0.911515940143136,0.08848405985686403,0.6193884189980481,1.0,0.8333333333333334,0.9154411764705882,0.9068627450980392,0.10294117647058823
315,High+,Isolation Forest,0.8351059822620963,0.38569415559452935,0.5263157894736842,0.9102147039687704,0.08978529603122964,0.6284970722186077,0.8,0.5111111111111111,0.9191176470588235,0.9019607843137255,0.10294117647058823
315,High+,LOF,0.865428209430538,0.527104587955859,0.8,0.8666232921275211,0.1333767078724789,0.933636955107352,1.0,0.7888888888888889,0.8639705882352942,0.8284313725490196,0.13970588235294118
316,Moderate+,Layer 1,0.6755264870047598,0.3354748911336448,0.5473684210526316,0.8197787898503578,0.1802212101496422,1.2615484710474951,1.0,0.5222222222222223,0.8382352941176471,0.7549019607843137,0.014705882352941176
316,Moderate+,Layer 2 v1,0.8573913639009692,0.3813528894793652,0.9052631578947369,0.5881587508132726,0.4118412491867274,2.882888744307092,1.0,0.9,0.5404411764705883,0.5098039215686274,0.35294117647058826
316,Moderate+,Layer 2 v2,0.938704927575934,0.79260125484275,0.9052631578947369,0.6590761223162004,0.3409238776837996,2.3864671437865974,1.0,0.9,0.6709558823529411,0.6519607843137255,0.22794117647058823
316,Moderate+,Hybrid v1,0.8529637366024039,0.48629626940275944,0.9052631578947369,0.4983734547820429,0.5016265452179571,3.5113858165256993,1.0,0.9,0.4650735294117647,0.42647058823529416,0.35294117647058826
316,Moderate+,Hybrid v2,0.929281238228949,0.7703500348848461,0.9263157894736842,0.5523747560182173,0.4476252439817827,3.133376707872479,1.0,0.9222222222222223,0.5680147058823529,0.5049019607843137,0.22794117647058823
316,Moderate+,Isolation Forest,0.895620312981543,0.5076454985542209,0.6842105263157895,0.9128171763175016,0.08718282368249841,0.6102797657774885,1.0,0.6666666666666666,0.90625,0.9019607843137255,0.11029411764705882
316,Moderate+,LOF,0.8600452008355305,0.5495551226957331,0.7263157894736842,0.8861418347430059,0.1138581652569941,0.7970071567989591,1.0,0.7111111111111111,0.8768382352941176,0.8529411764705882,0.11029411764705882
316,High+,Layer 1,0.6755264870047598,0.3354748911336448,0.3684210526315789,0.9986987638256344,0.0013012361743656164,0.009108653220559532,1.0,0.3333333333333333,1.0,0.9901960784313726,0.0
316,High+,Layer 2 v1,0.8573913639009692,0.3813528894793652,0.5894736842105263,0.885491216655823,0.11450878334417702,0.8015614834092388,1.0,0.5666666666666667,0.8713235294117647,0.8872549019607843,0.08088235294117647
316,High+,Layer 2 v2,0.938704927575934,0.79260125484275,0.8315789473684211,0.9245283018867925,0.07547169811320753,0.5283018867924528,1.0,0.8222222222222222,0.9485294117647058,0.9117647058823529,0.058823529411764705
316,High+,Hybrid v1,0.8529637366024039,0.48629626940275944,0.6631578947368421,0.8848405985686402,0.11515940143135983,0.8061158100195185,1.0,0.6444444444444445,0.8713235294117647,0.8823529411764706,0.08088235294117647
316,High+,Hybrid v2,0.929281238228949,0.7703500348848461,0.8315789473684211,0.9238776837996097,0.07612231620039034,0.5328562134027326,1.0,0.8222222222222222,0.9485294117647058,0.9068627450980392,0.058823529411764705
316,High+,Isolation Forest,0.895620312981543,0.5076454985542209,0.6842105263157895,0.9128171763175016,0.08718282368249841,0.6102797657774885,1.0,0.6666666666666666,0.90625,0.9019607843137255,0.11029411764705882
316,High+,LOF,0.8600452008355305,0.5495551226957331,0.7263157894736842,0.8861418347430059,0.1138581652569941,0.7970071567989591,1.0,0.7111111111111111,0.8768382352941176,0.8529411764705882,0.11029411764705882
317,Moderate+,Layer 1,0.6555182686710269,0.29762603540559707,0.49473684210526314,0.8249837345478205,0.17501626545217952,1.225113858165257,1.0,0.4666666666666667,0.8290441176470589,0.7794117647058824,0.007352941176470588
317,Moderate+,Layer 2 v1,0.8864876896209294,0.42977170398864895,0.9157894736842105,0.5985686402081978,0.4014313597918022,2.8100195185426156,1.0,0.9111111111111111,0.5514705882352942,0.5294117647058824,0.3897058823529412
317,Moderate+,Layer 2 v2,0.9477656405163855,0.8327838873758162,0.9368421052631579,0.6798959011060507,0.3201040988939493,2.240728692257645,1.0,0.9333333333333333,0.6617647058823529,0.6862745098039216,0.27205882352941174
317,Moderate+,Hybrid v1,0.8805636407218436,0.5042677298902232,0.9263157894736842,0.49642160052049444,0.5035783994795056,3.525048796356539,1.0,0.9222222222222223,0.46691176470588236,0.42156862745098034,0.3897058823529412
317,Moderate+,Hybrid v2,0.9393726671917269,0.8269750466800255,0.9368421052631579,0.5731945348080677,0.4268054651919323,2.9876382563435264,1.0,0.9333333333333333,0.5606617647058824,0.5441176470588236,0.27205882352941174
317,Moderate+,Isolation Forest,0.8867410882443585,0.4841728707632637,0.6947368421052632,0.9238776837996097,0.07612231620039034,0.5328562134027326,1.0,0.6777777777777778,0.9191176470588235,0.9362745098039216,0.08823529411764706
317,Moderate+,LOF,0.8961065643940691,0.564603757382437,0.8,0.8796356538711776,0.12036434612882241,0.8425504229017566,1.0,0.7888888888888889,0.8768382352941176,0.8725490196078431,0.14705882352941177
317,High+,Layer 1,0.6555182686710269,0.29762603540559707,0.3473684210526316,0.9993493819128172,0.0006506180871828082,0.004554326610279766,1.0,0.3111111111111111,0.9981617647058824,1.0,0.0
317,High+,Layer 2 v1,0.8864876896209294,0.42977170398864895,0.7473684210526316,0.8822381262199089,0.11776187378009106,0.8243331164606377,1.0,0.7333333333333333,0.8768382352941176,0.857843137254902,0.08823529411764706
317,High+,Layer 2 v2,0.9477656405163855,0.8327838873758162,0.8947368421052632,0.9310344827586207,0.06896551724137934,0.48275862068965514,1.0,0.8888888888888888,0.9356617647058824,0.9313725490196079,0.04411764705882353
317,High+,Hybrid v1,0.8805636407218436,0.5042677298902232,0.7789473684210526,0.8822381262199089,0.11776187378009106,0.8243331164606377,1.0,0.7666666666666667,0.8768382352941176,0.857843137254902,0.08823529411764706
317,High+,Hybrid v2,0.9393726671917269,0.8269750466800255,0.8947368421052632,0.9303838646714379,0.06961613532856215,0.4873129472999349,1.0,0.8888888888888888,0.9338235294117647,0.9313725490196079,0.04411764705882353
317,High+,Isolation Forest,0.8867410882443585,0.4841728707632637,0.6947368421052632,0.9238776837996097,0.07612231620039034,0.5328562134027326,1.0,0.6777777777777778,0.9191176470588235,0.9362745098039216,0.08823529411764706
317,High+,LOF,0.8961065643940691,0.564603757382437,0.8,0.8796356538711776,0.12036434612882241,0.8425504229017566,1.0,0.7888888888888889,0.8768382352941176,0.8725490196078431,0.14705882352941177
318,Moderate+,Layer 1,0.6660308872376126,0.30718630576854294,0.5368421052631579,0.8327911515940143,0.1672088484059857,1.1704619388418998,1.0,0.5111111111111111,0.8290441176470589,0.7843137254901961,0.014705882352941176
318,Moderate+,Layer 2 v1,0.8472177516008629,0.35462534575962007,0.9157894736842105,0.5803513337670787,0.4196486662329213,2.937540663630449,1.0,0.9111111111111111,0.5349264705882353,0.5980392156862745,0.375
318,Moderate+,Layer 2 v2,0.9256720199979456,0.7795559439948605,0.8947368421052632,0.6636304489264802,0.33636955107351985,2.354586857514639,1.0,0.8888888888888888,0.6911764705882353,0.642156862745098,0.3235294117647059
318,Moderate+,Hybrid v1,0.8405643255829881,0.4510689633989905,0.9263157894736842,0.49056603773584906,0.5094339622641509,3.5660377358490565,1.0,0.9222222222222223,0.4632352941176471,0.46568627450980393,0.375
318,Moderate+,Hybrid v2,0.9177036605828168,0.7698345588454755,0.9157894736842105,0.5601821730644112,0.4398178269355888,3.0787247885491213,1.0,0.9111111111111111,0.5845588235294117,0.5196078431372548,0.3235294117647059
318,Moderate+,Isolation Forest,0.8510563983152416,0.43111484123459104,0.6105263157894737,0.9030579050097592,0.09694209499024076,0.6785946649316851,0.6,0.6111111111111112,0.8823529411764706,0.9264705882352942,0.09558823529411764
318,Moderate+,LOF,0.8206074718350854,0.4870629354872907,0.6631578947368421,0.8646714378659727,0.13532856213402733,0.9472999349381913,1.0,0.6444444444444445,0.8511029411764706,0.8823529411764706,0.13970588235294118
318,High+,Layer 1,0.6660308872376126,0.30718630576854294,0.3368421052631579,0.9986987638256344,0.0013012361743656164,0.009108653220559532,1.0,0.3,1.0,1.0,0.0
318,High+,Layer 2 v1,0.8472177516008629,0.35462534575962007,0.631578947368421,0.8731294729993494,0.1268705270006506,0.8880936890045544,1.0,0.6111111111111112,0.8602941176470589,0.9068627450980392,0.125
318,High+,Layer 2 v2,0.9256720199979456,0.7795559439948605,0.8315789473684211,0.9167208848405985,0.08327911515940145,0.58295380611581,1.0,0.8222222222222222,0.9319852941176471,0.9117647058823529,0.08088235294117647
318,High+,Hybrid v1,0.8405643255829881,0.4510689633989905,0.6842105263157895,0.8724788549121666,0.1275211450878334,0.8926480156148341,1.0,0.6666666666666666,0.8602941176470589,0.9068627450980392,0.125
318,High+,Hybrid v2,0.9177036605828168,0.7698345588454755,0.8315789473684211,0.9160702667534157,0.08392973324658426,0.5875081327260898,1.0,0.8222222222222222,0.9319852941176471,0.9117647058823529,0.08088235294117647
318,High+,Isolation Forest,0.8510563983152416,0.43111484123459104,0.6105263157894737,0.9030579050097592,0.09694209499024076,0.6785946649316851,0.6,0.6111111111111112,0.8823529411764706,0.9264705882352942,0.09558823529411764
318,High+,LOF,0.8206074718350854,0.4870629354872907,0.6631578947368421,0.8646714378659727,0.13532856213402733,0.9472999349381913,1.0,0.6444444444444445,0.8511029411764706,0.8823529411764706,0.13970588235294118
319,Moderate+,Layer 1,0.6727356778413177,0.2995312010378411,0.5473684210526316,0.8197787898503578,0.1802212101496422,1.2615484710474951,1.0,0.5222222222222223,0.8014705882352942,0.7254901960784313,0.022058823529411766
319,Moderate+,Layer 2 v1,0.8763175016265452,0.38003586582849047,0.9052631578947369,0.5933636955107352,0.4066363044892648,2.8464541314248537,1.0,0.9,0.5533088235294117,0.5490196078431373,0.38235294117647056
319,Moderate+,Layer 2 v2,0.9338492620621169,0.7935685167937412,0.9157894736842105,0.6942094990240729,0.3057905009759271,2.14053350683149,1.0,0.9111111111111111,0.6948529411764706,0.6911764705882353,0.21323529411764705
319,Moderate+,Hybrid v1,0.8700065061808718,0.4716327660417059,0.9052631578947369,0.49381912817176316,0.5061808718282368,3.5432661027976575,1.0,0.9,0.44852941176470584,0.42647058823529416,0.38235294117647056
319,Moderate+,Hybrid v2,0.9280758826147998,0.7565541236142211,0.9368421052631579,0.5790500975927131,0.4209499024072869,2.9466493168510084,1.0,0.9333333333333333,0.5606617647058824,0.5392156862745099,0.21323529411764705
319,Moderate+,Isolation Forest,0.9011094750539328,0.5000970050372472,0.6526315789473685,0.9232270657124269,0.07677293428757315,0.5374105400130124,1.0,0.6333333333333333,0.9154411764705882,0.9068627450980392,0.08823529411764706
319,Moderate+,LOF,0.884559805499435,0.5568397137858009,0.7789473684210526,0.8939492517891997,0.1060507482108003,0.7423552374756018,1.0,0.7666666666666667,0.8823529411764706,0.8725490196078431,0.08823529411764706
319,High+,Layer 1,0.6727356778413177,0.2995312010378411,0.35789473684210527,0.9973975276512687,0.002602472348731344,0.018217306441119064,1.0,0.32222222222222224,0.9981617647058824,0.9950980392156863,0.0
319,High+,Layer 2 v1,0.8763175016265452,0.38003586582849047,0.6842105263157895,0.8796356538711776,0.12036434612882241,0.8425504229017566,1.0,0.6666666666666666,0.8639705882352942,0.8872549019607843,0.15441176470588236
319,High+,Layer 2 v2,0.9338492620621169,0.7935685167937412,0.8421052631578947,0.9329863370201692,0.0670136629798308,0.4690956408588159,1.0,0.8333333333333334,0.9466911764705882,0.9215686274509804,0.051470588235294115
319,High+,Hybrid v1,0.8700065061808718,0.4716327660417059,0.7052631578947368,0.8776837996096292,0.12231620039037083,0.8562134027325959,1.0,0.6888888888888889,0.8639705882352942,0.8823529411764706,0.15441176470588236
319,High+,Hybrid v2,0.9280758826147998,0.7565541236142211,0.8421052631578947,0.9310344827586207,0.06896551724137934,0.48275862068965514,1.0,0.8333333333333334,0.9466911764705882,0.9166666666666666,0.051470588235294115
319,High+,Isolation Forest,0.9011094750539328,0.5000970050372472,0.6526315789473685,0.9232270657124269,0.07677293428757315,0.5374105400130124,1.0,0.6333333333333333,0.9154411764705882,0.9068627450980392,0.08823529411764706
319,High+,LOF,0.884559805499435,0.5568397137858009,0.7789473684210526,0.8939492517891997,0.1060507482108003,0.7423552374756018,1.0,0.7666666666666667,0.8823529411764706,0.8725490196078431,0.08823529411764706
320,Moderate+,Layer 1,0.6739478820669109,0.3235668310838589,0.5263157894736842,0.8210800260247235,0.17891997397527648,1.2524398178269356,1.0,0.5,0.8069852941176471,0.7990196078431373,0.007352941176470588
320,Moderate+,Layer 2 v1,0.869325069342191,0.3721911213692377,0.9368421052631579,0.5959661678594665,0.40403383214053346,2.8282368249837346,1.0,0.9333333333333333,0.5551470588235294,0.5049019607843137,0.38235294117647056
320,Moderate+,Layer 2 v2,0.9392425435742904,0.8043542828740223,0.9263157894736842,0.6473649967469096,0.3526350032530904,2.468445022771633,1.0,0.9222222222222223,0.6158088235294117,0.6470588235294117,0.34558823529411764
320,Moderate+,Hybrid v1,0.8663424990583161,0.4797949843412225,0.9368421052631579,0.4977228366948601,0.5022771633051399,3.5159401431359787,1.0,0.9333333333333333,0.4558823529411765,0.4068627450980392,0.38235294117647056
320,Moderate+,Hybrid v2,0.9284936479128857,0.7979664362113955,0.9263157894736842,0.5335068314899154,0.4664931685100846,3.265452179570592,1.0,0.9222222222222223,0.4944852941176471,0.5,0.34558823529411764
320,Moderate+,Isolation Forest,0.8750059925350135,0.4807764711438375,0.6,0.9199739752765127,0.0800260247234873,0.5601821730644112,1.0,0.5777777777777777,0.9227941176470589,0.9019607843137255,0.11764705882352941
320,Moderate+,LOF,0.8609937335205288,0.5490852142673643,0.7578947368421053,0.8848405985686402,0.11515940143135983,0.8061158100195185,1.0,0.7444444444444445,0.8621323529411764,0.857843137254902,0.11764705882352941
320,High+,Layer 1,0.6739478820669109,0.3235668310838589,0.35789473684210527,0.9993493819128172,0.0006506180871828082,0.004554326610279766,1.0,0.32222222222222224,1.0,0.9950980392156863,0.0
320,High+,Layer 2 v1,0.869325069342191,0.3721911213692377,0.6631578947368421,0.870527000650618,0.12947299934938195,0.9063109954456734,1.0,0.6444444444444445,0.8621323529411764,0.8333333333333334,0.11764705882352941
320,High+,Layer 2 v2,0.9392425435742904,0.8043542828740223,0.8631578947368421,0.9147690305790501,0.08523096942094988,0.5966167859466494,1.0,0.8555555555555555,0.9044117647058824,0.9068627450980392,0.08088235294117647
320,High+,Hybrid v1,0.8663424990583161,0.4797949843412225,0.7052631578947368,0.870527000650618,0.12947299934938195,0.9063109954456734,1.0,0.6888888888888889,0.8621323529411764,0.8333333333333334,0.11764705882352941
320,High+,Hybrid v2,0.9284936479128857,0.7979664362113955,0.8631578947368421,0.9141184124918673,0.08588158750813268,0.6011711125569291,1.0,0.8555555555555555,0.9044117647058824,0.9019607843137255,0.08088235294117647
320,High+,Isolation Forest,0.8750059925350135,0.4807764711438375,0.6,0.9199739752765127,0.0800260247234873,0.5601821730644112,1.0,0.5777777777777777,0.9227941176470589,0.9019607843137255,0.11764705882352941
320,High+,LOF,0.8609937335205288,0.5490852142673643,0.7578947368421053,0.8848405985686402,0.11515940143135983,0.8061158100195185,1.0,0.7444444444444445,0.8621323529411764,0.857843137254902,0.11764705882352941
321,Moderate+,Layer 1,0.6596342841488888,0.3098306096746427,0.5263157894736842,0.811971372804164,0.18802862719583602,1.3162003903708523,1.0,0.5,0.8106617647058824,0.7794117647058824,0.029411764705882353
321,Moderate+,Layer 2 v1,0.89262404547478,0.4332241824317311,0.9263157894736842,0.6057254391672089,0.3942745608327911,2.759921925829538,1.0,0.9222222222222223,0.5882352941176471,0.607843137254902,0.4632352941176471
321,Moderate+,Layer 2 v2,0.9403794130739992,0.8170095583941519,0.9368421052631579,0.6681847755367599,0.3318152244632401,2.3227065712426804,1.0,0.9333333333333333,0.6801470588235294,0.7107843137254901,0.41911764705882354
321,Moderate+,Hybrid v1,0.8888127932061775,0.5132510493528909,0.9368421052631579,0.5009759271307742,0.4990240728692258,3.4931685100845806,1.0,0.9333333333333333,0.48897058823529416,0.5098039215686274,0.4632352941176471
321,Moderate+,Hybrid v2,0.932260384207102,0.7996262089152265,0.9473684210526315,0.5549772283669486,0.4450227716330514,3.1151594014313595,1.0,0.9444444444444444,0.5661764705882353,0.5735294117647058,0.4264705882352941
321,Moderate+,Isolation Forest,0.8898263876998939,0.46960709473454854,0.6105263157894737,0.9225764476252439,0.07742355237475607,0.5419648666232921,1.0,0.5888888888888889,0.9117647058823529,0.9068627450980392,0.10294117647058823
321,Moderate+,LOF,0.8682087456768139,0.5267612958112312,0.7578947368421053,0.8867924528301887,0.1132075471698113,0.7924528301886793,1.0,0.7444444444444445,0.8823529411764706,0.8774509803921569,0.125
321,High+,Layer 1,0.6596342841488888,0.3098306096746427,0.3473684210526316,0.9993493819128172,0.0006506180871828082,0.004554326610279766,1.0,0.3111111111111111,1.0,1.0,0.0
321,High+,Layer 2 v1,0.89262404547478,0.4332241824317311,0.7052631578947368,0.8893949251789199,0.11060507482108006,0.7742355237475601,1.0,0.6888888888888889,0.8860294117647058,0.8970588235294118,0.125
321,High+,Layer 2 v2,0.9403794130739992,0.8170095583941519,0.8315789473684211,0.9349381912817176,0.06506180871828238,0.4554326610279765,1.0,0.8222222222222222,0.9485294117647058,0.9509803921568627,0.08088235294117647
321,High+,Hybrid v1,0.8888127932061775,0.5132510493528909,0.7578947368421053,0.8887443070917371,0.11125569290826287,0.7787898503578399,1.0,0.7444444444444445,0.8860294117647058,0.8970588235294118,0.125
321,High+,Hybrid v2,0.932260384207102,0.7996262089152265,0.8315789473684211,0.9342875731945348,0.06571242680546518,0.4599869876382563,1.0,0.8222222222222222,0.9485294117647058,0.9509803921568627,0.08088235294117647
321,High+,Isolation Forest,0.8898263876998939,0.46960709473454854,0.6105263157894737,0.9225764476252439,0.07742355237475607,0.5419648666232921,1.0,0.5888888888888889,0.9117647058823529,0.9068627450980392,0.10294117647058823
321,High+,LOF,0.8682087456768139,0.5267612958112312,0.7578947368421053,0.8867924528301887,0.1132075471698113,0.7924528301886793,1.0,0.7444444444444445,0.8823529411764706,0.8774509803921569,0.125
322,Moderate+,Layer 1,0.6615895627161593,0.3083331983036726,0.5368421052631579,0.8301886792452831,0.16981132075471694,1.1886792452830188,1.0,0.5111111111111111,0.8180147058823529,0.7843137254901961,0.014705882352941176
322,Moderate+,Layer 2 v1,0.8929938704927576,0.3992739978537003,0.9368421052631579,0.5875081327260898,0.4124918672739102,2.8874430709173717,1.0,0.9333333333333333,0.5643382352941176,0.5245098039215687,0.4411764705882353
322,Moderate+,Layer 2 v2,0.9280861555319662,0.799234132206413,0.9052631578947369,0.6577748861418348,0.34222511385816523,2.3955757970071567,1.0,0.9,0.7022058823529411,0.6274509803921569,0.3088235294117647
322,Moderate+,Hybrid v1,0.8901722425778175,0.49429941201923405,0.9473684210526315,0.4970722186076773,0.5029277813923227,3.520494469746259,1.0,0.9444444444444444,0.4779411764705882,0.43137254901960786,0.4411764705882353
322,Moderate+,Hybrid v2,0.9214361538198129,0.7976775873174927,0.9157894736842105,0.5536759921925829,0.4463240078074171,3.1242680546519193,1.0,0.9111111111111111,0.5753676470588236,0.5343137254901961,0.3161764705882353
322,Moderate+,Isolation Forest,0.8621374516316817,0.38912676391767725,0.6105263157894737,0.9128171763175016,0.08718282368249841,0.6102797657774885,1.0,0.5888888888888889,0.9246323529411765,0.8774509803921569,0.11029411764705882
322,Moderate+,LOF,0.8685717220833475,0.5059359423366301,0.7473684210526316,0.8770331815224464,0.12296681847755364,0.8607677293428758,1.0,0.7333333333333333,0.8823529411764706,0.857843137254902,0.16176470588235295
322,High+,Layer 1,0.6615895627161593,0.3083331983036726,0.3473684210526316,0.9986987638256344,0.0013012361743656164,0.009108653220559532,1.0,0.3111111111111111,1.0,1.0,0.0
322,High+,Layer 2 v1,0.8929938704927576,0.3992739978537003,0.7368421052631579,0.8835393623942746,0.11646063760572545,0.815224463240078,1.0,0.7222222222222222,0.8933823529411765,0.8431372549019608,0.15441176470588236
322,High+,Layer 2 v2,0.9280861555319662,0.799234132206413,0.8526315789473684,0.9271307742355237,0.0728692257644763,0.5100845803513337,1.0,0.8444444444444444,0.9448529411764706,0.9509803921568627,0.10294117647058823
322,High+,Hybrid v1,0.8901722425778175,0.49429941201923405,0.7894736842105263,0.8822381262199089,0.11776187378009106,0.8243331164606377,1.0,0.7777777777777778,0.8933823529411765,0.8431372549019608,0.15441176470588236
322,High+,Hybrid v2,0.9214361538198129,0.7976775873174927,0.8526315789473684,0.9258295380611581,0.07417046193884191,0.5191932335718933,1.0,0.8444444444444444,0.9448529411764706,0.9509803921568627,0.10294117647058823
322,High+,Isolation Forest,0.8621374516316817,0.38912676391767725,0.6105263157894737,0.9128171763175016,0.08718282368249841,0.6102797657774885,1.0,0.5888888888888889,0.9246323529411765,0.8774509803921569,0.11029411764705882
322,High+,LOF,0.8685717220833475,0.5059359423366301,0.7473684210526316,0.8770331815224464,0.12296681847755364,0.8607677293428758,1.0,0.7333333333333333,0.8823529411764706,0.857843137254902,0.16176470588235295
323,Moderate+,Layer 1,0.6813032907577988,0.29934086613653166,0.5578947368421052,0.8301886792452831,0.16981132075471694,1.1886792452830188,1.0,0.5333333333333333,0.8216911764705882,0.7696078431372549,0.014705882352941176
323,Moderate+,Layer 2 v1,0.8773208232030956,0.4062861987285312,0.9263157894736842,0.5953155497722836,0.4046844502277164,2.832791151594014,1.0,0.9222222222222223,0.5496323529411764,0.5245098039215687,0.34558823529411764
323,Moderate+,Layer 2 v2,0.9600109577783105,0.776823147136638,0.968421052631579,0.6877033181522446,0.3122966818477554,2.1860767729342876,1.0,0.9666666666666667,0.6746323529411764,0.7549019607843137,0.2426470588235294
323,Moderate+,Hybrid v1,0.8714138958326199,0.4726469334598469,0.9473684210526315,0.5068314899154196,0.4931685100845804,3.4521795705920626,1.0,0.9444444444444444,0.47058823529411764,0.42647058823529416,0.34558823529411764
323,Moderate+,Hybrid v2,0.9488785398760402,0.7672210941827574,0.9789473684210527,0.5797007156798959,0.4202992843201041,2.9420949902407285,1.0,0.9777777777777777,0.5588235294117647,0.5931372549019608,0.2426470588235294
323,Moderate+,Isolation Forest,0.8611238571379652,0.410177685622289,0.6105263157894737,0.9128171763175016,0.08718282368249841,0.6102797657774885,0.8,0.6,0.9025735294117647,0.9117647058823529,0.07352941176470588
323,Moderate+,LOF,0.8413656131219396,0.49970877843792644,0.7368421052631579,0.8906961613532857,0.10930383864671434,0.7651268705270007,1.0,0.7222222222222222,0.8768382352941176,0.9019607843137255,0.08823529411764706
323,High+,Layer 1,0.6813032907577988,0.29934086613653166,0.3368421052631579,0.9973975276512687,0.002602472348731344,0.018217306441119064,1.0,0.3,0.9981617647058824,1.0,0.0
323,High+,Layer 2 v1,0.8773208232030956,0.4062861987285312,0.7157894736842105,0.8887443070917371,0.11125569290826287,0.7787898503578399,1.0,0.7,0.8841911764705882,0.8627450980392157,0.08823529411764706
323,High+,Layer 2 v2,0.9600109577783105,0.776823147136638,0.8631578947368421,0.9212752114508783,0.07872478854912168,0.5510735198438517,1.0,0.8555555555555555,0.9246323529411765,0.9215686274509804,0.0661764705882353
323,High+,Hybrid v1,0.8714138958326199,0.4726469334598469,0.7368421052631579,0.8867924528301887,0.1132075471698113,0.7924528301886793,1.0,0.7222222222222222,0.8841911764705882,0.8627450980392157,0.08823529411764706
323,High+,Hybrid v2,0.9488785398760402,0.7672210941827574,0.8631578947368421,0.9186727391021471,0.08132726089785292,0.5692908262849707,1.0,0.8555555555555555,0.9227941176470589,0.9215686274509804,0.0661764705882353
323,High+,Isolation Forest,0.8611238571379652,0.410177685622289,0.6105263157894737,0.9128171763175016,0.08718282368249841,0.6102797657774885,0.8,0.6,0.9025735294117647,0.9117647058823529,0.07352941176470588
323,High+,LOF,0.8413656131219396,0.49970877843792644,0.7368421052631579,0.8906961613532857,0.10930383864671434,0.7651268705270007,1.0,0.7222222222222222,0.8768382352941176,0.9019607843137255,0.08823529411764706
324,Moderate+,Layer 1,0.6692737047563606,0.3414421311099154,0.5157894736842106,0.8438516590761224,0.15614834092387764,1.0930383864671438,1.0,0.4888888888888889,0.8400735294117647,0.7892156862745098,0.007352941176470588
324,Moderate+,Layer 2 v1,0.8768825120706778,0.4181915737983496,0.9052631578947369,0.5972674040338322,0.40273259596616784,2.819128171763175,1.0,0.9,0.5625,0.5245098039215687,0.4117647058823529
324,Moderate+,Layer 2 v2,0.9522001164263946,0.8091263641876835,0.9368421052631579,0.6545217957059206,0.3454782042940794,2.4183474300585557,1.0,0.9333333333333333,0.6856617647058824,0.5980392156862745,0.3088235294117647
324,Moderate+,Hybrid v1,0.8729925007704689,0.5159308621410317,0.9052631578947369,0.5120364346128823,0.4879635653871177,3.4157449577098244,1.0,0.9,0.49264705882352944,0.3970588235294118,0.4117647058823529
324,Moderate+,Hybrid v2,0.9459267883436633,0.8095455731827186,0.9473684210526315,0.5640858815875082,0.43591411841249184,3.0513988288874434,1.0,0.9444444444444444,0.5955882352941176,0.47058823529411764,0.3088235294117647
324,Moderate+,Isolation Forest,0.8897852960312296,0.4944161111019158,0.6631578947368421,0.9199739752765127,0.0800260247234873,0.5601821730644112,1.0,0.6444444444444445,0.90625,0.9068627450980392,0.07352941176470588
324,Moderate+,LOF,0.869105913775982,0.5257821254740127,0.7157894736842105,0.8867924528301887,0.1132075471698113,0.7924528301886793,1.0,0.7,0.8768382352941176,0.8480392156862745,0.11764705882352941
324,High+,Layer 1,0.6692737047563606,0.3414421311099154,0.3473684210526316,0.9993493819128172,0.0006506180871828082,0.004554326610279766,1.0,0.3111111111111111,1.0,1.0,0.0
324,High+,Layer 2 v1,0.8768825120706778,0.4181915737983496,0.7894736842105263,0.8711776187378009,0.12882238126219914,0.9017566688353935,1.0,0.7777777777777778,0.875,0.8235294117647058,0.125
324,High+,Layer 2 v2,0.9522001164263946,0.8091263641876835,0.8947368421052632,0.9232270657124269,0.07677293428757315,0.5374105400130124,1.0,0.8888888888888888,0.9264705882352942,0.9068627450980392,0.051470588235294115
324,High+,Hybrid v1,0.8729925007704689,0.5159308621410317,0.8105263157894737,0.870527000650618,0.12947299934938195,0.9063109954456734,1.0,0.8,0.875,0.8235294117647058,0.125
324,High+,Hybrid v2,0.9459267883436633,0.8095455731827186,0.8947368421052632,0.9225764476252439,0.07742355237475607,0.5419648666232921,1.0,0.8888888888888888,0.9264705882352942,0.9068627450980392,0.051470588235294115
324,High+,Isolation Forest,0.8897852960312296,0.4944161111019158,0.6631578947368421,0.9199739752765127,0.0800260247234873,0.5601821730644112,1.0,0.6444444444444445,0.90625,0.9068627450980392,0.07352941176470588
324,High+,LOF,0.869105913775982,0.5257821254740127,0.7157894736842105,0.8867924528301887,0.1132075471698113,0.7924528301886793,1.0,0.7,0.8768382352941176,0.8480392156862745,0.11764705882352941
325,Moderate+,Layer 1,0.6572817861178646,0.30391213533934697,0.4842105263157895,0.8282368249837345,0.17176317501626548,1.2023422251138582,1.0,0.45555555555555555,0.8235294117647058,0.7990196078431373,0.007352941176470588
325,Moderate+,Layer 2 v1,0.875338150190049,0.4029875430820337,0.9052631578947369,0.5842550422901757,0.41574495770982434,2.9102147039687702,1.0,0.9,0.5367647058823529,0.6029411764705883,0.4411764705882353
325,Moderate+,Layer 2 v2,0.9338047460877307,0.792387874305111,0.9157894736842105,0.649316851008458,0.35068314899154196,2.454782042940794,1.0,0.9111111111111111,0.6727941176470589,0.6813725490196079,0.375
325,Moderate+,Hybrid v1,0.8677533130157862,0.47583598370076763,0.9052631578947369,0.49251789199739754,0.5074821080026024,3.5523747560182177,1.0,0.9,0.44852941176470584,0.5147058823529411,0.4411764705882353
325,Moderate+,Hybrid v2,0.9191418689860631,0.7693009352564754,0.9157894736842105,0.5452179570592063,0.4547820429407937,3.1834743005855564,1.0,0.9111111111111111,0.5551470588235294,0.5245098039215687,0.375
325,Moderate+,Isolation Forest,0.847477998835736,0.4503114469066369,0.6,0.9180221210149642,0.08197787898503583,0.5738451528952504,0.8,0.5888888888888889,0.9191176470588235,0.9215686274509804,0.08088235294117647
325,Moderate+,LOF,0.8588261479984932,0.5476715211536797,0.7473684210526316,0.8796356538711776,0.12036434612882241,0.8425504229017566,1.0,0.7333333333333333,0.8841911764705882,0.8725490196078431,0.13970588235294118
325,High+,Layer 1,0.6572817861178646,0.30391213533934697,0.3684210526315789,0.9973975276512687,0.002602472348731344,0.018217306441119064,1.0,0.3333333333333333,1.0,0.9901960784313726,0.0
325,High+,Layer 2 v1,0.875338150190049,0.4029875430820337,0.7368421052631579,0.8835393623942746,0.11646063760572545,0.815224463240078,1.0,0.7222222222222222,0.8713235294117647,0.8627450980392157,0.15441176470588236
325,High+,Layer 2 v2,0.9338047460877307,0.792387874305111,0.8315789473684211,0.9323357189329864,0.06766428106701361,0.47364996746909566,1.0,0.8222222222222222,0.9301470588235294,0.9362745098039216,0.058823529411764705
325,High+,Hybrid v1,0.8677533130157862,0.47583598370076763,0.7578947368421053,0.8822381262199089,0.11776187378009106,0.8243331164606377,1.0,0.7444444444444445,0.8713235294117647,0.8627450980392157,0.15441176470588236
325,High+,Hybrid v2,0.9191418689860631,0.7693009352564754,0.8315789473684211,0.929733246584255,0.07026675341574495,0.4918672739102147,1.0,0.8222222222222222,0.9301470588235294,0.9264705882352942,0.058823529411764705
325,High+,Isolation Forest,0.847477998835736,0.4503114469066369,0.6,0.9180221210149642,0.08197787898503583,0.5738451528952504,0.8,0.5888888888888889,0.9191176470588235,0.9215686274509804,0.08088235294117647
325,High+,LOF,0.8588261479984932,0.5476715211536797,0.7473684210526316,0.8796356538711776,0.12036434612882241,0.8425504229017566,1.0,0.7333333333333333,0.8841911764705882,0.8725490196078431,0.13970588235294118
326,Moderate+,Layer 1,0.6595349792829504,0.2908196944064865,0.5473684210526316,0.8178269355888094,0.18217306441119063,1.2752114508783343,1.0,0.5222222222222223,0.8069852941176471,0.7794117647058824,0.014705882352941176
326,Moderate+,Layer 2 v1,0.8738793959524707,0.37599167110016324,0.9368421052631579,0.6063760572543917,0.3936239427456083,2.755367599219258,1.0,0.9333333333333333,0.5661764705882353,0.5588235294117647,0.40441176470588236
326,Moderate+,Layer 2 v2,0.9565113173304113,0.8168541444119364,0.9368421052631579,0.6688353936239427,0.33116460637605727,2.318152244632401,1.0,0.9333333333333333,0.6801470588235294,0.6911764705882353,0.35294117647058826
326,Moderate+,Hybrid v1,0.8751635105982262,0.4585089909378319,0.9473684210526315,0.5068314899154196,0.4931685100845804,3.4521795705920626,1.0,0.9444444444444444,0.4816176470588235,0.4362745098039216,0.40441176470588236
326,Moderate+,Hybrid v2,0.9446426736979077,0.7955990072248854,0.9368421052631579,0.5582303188028627,0.44176968119713733,3.092387768379961,1.0,0.9333333333333333,0.5551470588235294,0.553921568627451,0.35294117647058826
326,Moderate+,Isolation Forest,0.8344622127863577,0.4202810256736627,0.5263157894736842,0.9212752114508783,0.07872478854912168,0.5510735198438517,0.8,0.5111111111111111,0.8970588235294118,0.9019607843137255,0.058823529411764705
326,Moderate+,LOF,0.8263534568366264,0.505538628822766,0.7263157894736842,0.8828887443070917,0.11711125569290826,0.8197787898503578,1.0,0.7111111111111111,0.8713235294117647,0.8676470588235294,0.08823529411764706
326,High+,Layer 1,0.6595349792829504,0.2908196944064865,0.3473684210526316,0.996096291476903,0.0039037085230969604,0.027325959661678594,1.0,0.3111111111111111,0.9944852941176471,1.0,0.0
326,High+,Layer 2 v1,0.8738793959524707,0.37599167110016324,0.6631578947368421,0.8718282368249838,0.12817176317501622,0.8972023422251139,1.0,0.6444444444444445,0.8805147058823529,0.8235294117647058,0.1323529411764706
326,High+,Layer 2 v2,0.9565113173304113,0.8168541444119364,0.8631578947368421,0.9212752114508783,0.07872478854912168,0.5510735198438517,1.0,0.8555555555555555,0.9209558823529411,0.9607843137254902,0.10294117647058823
326,High+,Hybrid v1,0.8751635105982262,0.4585089909378319,0.7578947368421053,0.8685751463890696,0.13142485361093037,0.9199739752765126,1.0,0.7444444444444445,0.8768382352941176,0.8235294117647058,0.1323529411764706
326,High+,Hybrid v2,0.9446426736979077,0.7955990072248854,0.8631578947368421,0.9180221210149642,0.08197787898503583,0.5738451528952504,1.0,0.8555555555555555,0.9172794117647058,0.9607843137254902,0.10294117647058823
326,High+,Isolation Forest,0.8344622127863577,0.4202810256736627,0.5263157894736842,0.9212752114508783,0.07872478854912168,0.5510735198438517,0.8,0.5111111111111111,0.8970588235294118,0.9019607843137255,0.058823529411764705
326,High+,LOF,0.8263534568366264,0.505538628822766,0.7263157894736842,0.8828887443070917,0.11711125569290826,0.8197787898503578,1.0,0.7111111111111111,0.8713235294117647,0.8676470588235294,0.08823529411764706
327,Moderate+,Layer 1,0.6473273293839674,0.2843010827114595,0.5052631578947369,0.8217306441119063,0.17826935588809367,1.247885491216656,1.0,0.4777777777777778,0.8033088235294118,0.7794117647058824,0.022058823529411766
327,Moderate+,Layer 2 v1,0.8735609355203232,0.38993044898329327,0.9052631578947369,0.5998698763825634,0.4001301236174366,2.800910865322056,1.0,0.9,0.5496323529411764,0.5882352941176471,0.3602941176470588
327,Moderate+,Layer 2 v2,0.9305448070403726,0.7932519591910764,0.9052631578947369,0.686402081977879,0.313597918022121,2.195185426154847,1.0,0.9,0.6911764705882353,0.7303921568627452,0.35294117647058826
327,Moderate+,Hybrid v1,0.8624798822038832,0.46876317478083673,0.9052631578947369,0.4996746909564086,0.5003253090435914,3.50227716330514,1.0,0.9,0.4558823529411765,0.4509803921568627,0.3602941176470588
327,Moderate+,Hybrid v2,0.9166832174776565,0.7841236615851682,0.9052631578947369,0.5705920624593364,0.42940793754066364,3.0058555627846455,1.0,0.9,0.5606617647058824,0.5588235294117647,0.35294117647058826
327,Moderate+,Isolation Forest,0.8923432524055748,0.4907415747810346,0.6736842105263158,0.929733246584255,0.07026675341574495,0.4918672739102147,0.8,0.6666666666666666,0.9209558823529411,0.946078431372549,0.09558823529411764
327,Moderate+,LOF,0.8465089203164058,0.531166295444732,0.7263157894736842,0.8848405985686402,0.11515940143135983,0.8061158100195185,1.0,0.7111111111111111,0.8805147058823529,0.8774509803921569,0.1323529411764706
327,High+,Layer 1,0.6473273293839674,0.2843010827114595,0.3263157894736842,0.9993493819128172,0.0006506180871828082,0.004554326610279766,1.0,0.28888888888888886,1.0,1.0,0.0
327,High+,Layer 2 v1,0.8735609355203232,0.38993044898329327,0.6842105263157895,0.8822381262199089,0.11776187378009106,0.8243331164606377,1.0,0.6666666666666666,0.875,0.857843137254902,0.14705882352941177
327,High+,Layer 2 v2,0.9305448070403726,0.7932519591910764,0.8210526315789474,0.9284320104098894,0.07156798959011057,0.5009759271307743,1.0,0.8111111111111111,0.9375,0.9411764705882353,0.125
327,High+,Hybrid v1,0.8624798822038832,0.46876317478083673,0.7052631578947368,0.8815875081327261,0.11841249186727387,0.8288874430709174,1.0,0.6888888888888889,0.875,0.857843137254902,0.14705882352941177
327,High+,Hybrid v2,0.9166832174776565,0.7841236615851682,0.8210526315789474,0.9277813923227066,0.07221860767729338,0.505530253741054,1.0,0.8111111111111111,0.9375,0.9411764705882353,0.125
327,High+,Isolation Forest,0.8923432524055748,0.4907415747810346,0.6736842105263158,0.929733246584255,0.07026675341574495,0.4918672739102147,0.8,0.6666666666666666,0.9209558823529411,0.946078431372549,0.09558823529411764
327,High+,LOF,0.8465089203164058,0.531166295444732,0.7263157894736842,0.8848405985686402,0.11515940143135983,0.8061158100195185,1.0,0.7111111111111111,0.8805147058823529,0.8774509803921569,0.1323529411764706
328,Moderate+,Layer 1,0.663127075985344,0.31440769998077867,0.5157894736842106,0.819128171763175,0.18087182823682502,1.266102797657775,1.0,0.4888888888888889,0.7977941176470589,0.7892156862745098,0.022058823529411766
328,Moderate+,Layer 2 v1,0.8911276238742596,0.4071539156174183,0.9263157894736842,0.6167859466493169,0.38321405335068315,2.682498373454782,1.0,0.9222222222222223,0.5900735294117647,0.6029411764705883,0.4411764705882353
328,Moderate+,Layer 2 v2,0.956918809711331,0.7975931067758725,0.9578947368421052,0.6727391021470397,0.3272608978529603,2.290826284970722,1.0,0.9555555555555556,0.6746323529411764,0.6813725490196079,0.3897058823529412
328,Moderate+,Hybrid v1,0.8827654693010993,0.4952988190406218,0.9263157894736842,0.5146389069616135,0.4853610930383865,3.3975276512687054,1.0,0.9222222222222223,0.4816176470588235,0.5,0.4411764705882353
328,Moderate+,Hybrid v2,0.947210902989419,0.7915104345971103,0.9578947368421052,0.5686402081977879,0.43135979180221207,3.0195185426154847,1.0,0.9555555555555556,0.5496323529411764,0.5784313725490196,0.39705882352941174
328,Moderate+,Isolation Forest,0.8778481662842859,0.4104779200386612,0.5894736842105263,0.9199739752765127,0.0800260247234873,0.5601821730644112,1.0,0.5666666666666667,0.9025735294117647,0.9166666666666666,0.07352941176470588
328,Moderate+,LOF,0.8484402287436221,0.5513088698281763,0.7263157894736842,0.8913467794404685,0.10865322055953153,0.7605725439167209,1.0,0.7111111111111111,0.8878676470588235,0.8872549019607843,0.15441176470588236
328,High+,Layer 1,0.663127075985344,0.31440769998077867,0.3368421052631579,0.9993493819128172,0.0006506180871828082,0.004554326610279766,1.0,0.3,1.0,0.9950980392156863,0.0
328,High+,Layer 2 v1,0.8911276238742596,0.4071539156174183,0.7157894736842105,0.870527000650618,0.12947299934938195,0.9063109954456734,1.0,0.7,0.8676470588235294,0.8627450980392157,0.19117647058823528
328,High+,Layer 2 v2,0.956918809711331,0.7975931067758725,0.8736842105263158,0.9141184124918673,0.08588158750813268,0.6011711125569291,1.0,0.8666666666666667,0.9227941176470589,0.9264705882352942,0.11029411764705882
328,High+,Hybrid v1,0.8827654693010993,0.4952988190406218,0.7368421052631579,0.870527000650618,0.12947299934938195,0.9063109954456734,1.0,0.7222222222222222,0.8676470588235294,0.8627450980392157,0.19117647058823528
328,High+,Hybrid v2,0.947210902989419,0.7915104345971103,0.8736842105263158,0.9141184124918673,0.08588158750813268,0.6011711125569291,1.0,0.8666666666666667,0.9227941176470589,0.9264705882352942,0.11029411764705882
328,High+,Isolation Forest,0.8778481662842859,0.4104779200386612,0.5894736842105263,0.9199739752765127,0.0800260247234873,0.5601821730644112,1.0,0.5666666666666667,0.9025735294117647,0.9166666666666666,0.07352941176470588
328,High+,LOF,0.8484402287436221,0.5513088698281763,0.7263157894736842,0.8913467794404685,0.10865322055953153,0.7605725439167209,1.0,0.7111111111111111,0.8878676470588235,0.8872549019607843,0.15441176470588236
329,Moderate+,Layer 1,0.6889223709892819,0.33046352733152806,0.5578947368421052,0.8139232270657124,0.1860767729342876,1.302537410540013,1.0,0.5333333333333333,0.8308823529411764,0.7401960784313726,0.029411764705882353
329,Moderate+,Layer 2 v1,0.8721466972571312,0.3832207831290155,0.9157894736842105,0.5888093689004554,0.41119063109954457,2.878334417696812,1.0,0.9111111111111111,0.5533088235294117,0.5735294117647058,0.47058823529411764
329,Moderate+,Layer 2 v2,0.954381399171318,0.8186574108979509,0.968421052631579,0.6402081977878985,0.3597918022121015,2.5185426154847104,1.0,0.9666666666666667,0.6911764705882353,0.6568627450980392,0.45588235294117646
329,Moderate+,Hybrid v1,0.876933876656508,0.4818190806638647,0.9368421052631579,0.48796356538711777,0.5120364346128823,3.584255042290176,1.0,0.9333333333333333,0.46875,0.4509803921568627,0.47058823529411764
329,Moderate+,Hybrid v2,0.9453069890079786,0.808398622693641,0.968421052631579,0.534808067664281,0.465191932335719,3.2563435263500327,1.0,0.9666666666666667,0.5753676470588236,0.5245098039215687,0.45588235294117646
329,Moderate+,Isolation Forest,0.8970550970790672,0.4681550894233939,0.6947368421052632,0.911515940143136,0.08848405985686403,0.6193884189980481,1.0,0.6777777777777778,0.90625,0.9411764705882353,0.1323529411764706
329,Moderate+,LOF,0.8816662671643325,0.5540135401674364,0.8105263157894737,0.8848405985686402,0.11515940143135983,0.8061158100195185,1.0,0.8,0.8694852941176471,0.9068627450980392,0.13970588235294118
329,High+,Layer 1,0.6889223709892819,0.33046352733152806,0.3473684210526316,0.9986987638256344,0.0013012361743656164,0.009108653220559532,1.0,0.3111111111111111,0.9981617647058824,0.9950980392156863,0.0
329,High+,Layer 2 v1,0.8721466972571312,0.3832207831290155,0.6842105263157895,0.8711776187378009,0.12882238126219914,0.9017566688353935,1.0,0.6666666666666666,0.8676470588235294,0.8725490196078431,0.16911764705882354
329,High+,Layer 2 v2,0.954381399171318,0.8186574108979509,0.8736842105263158,0.9121665582303188,0.08783344176968122,0.6148340923877683,1.0,0.8666666666666667,0.9319852941176471,0.8970588235294118,0.14705882352941177
329,High+,Hybrid v1,0.876933876656508,0.4818190806638647,0.7263157894736842,0.8711776187378009,0.12882238126219914,0.9017566688353935,1.0,0.7111111111111111,0.8676470588235294,0.8725490196078431,0.16911764705882354
329,High+,Hybrid v2,0.9453069890079786,0.808398622693641,0.8736842105263158,0.9108653220559532,0.08913467794404684,0.623942745608328,1.0,0.8666666666666667,0.9301470588235294,0.892156862745098,0.14705882352941177
329,High+,Isolation Forest,0.8970550970790672,0.4681550894233939,0.6947368421052632,0.911515940143136,0.08848405985686403,0.6193884189980481,1.0,0.6777777777777778,0.90625,0.9411764705882353,0.1323529411764706
329,High+,LOF,0.8816662671643325,0.5540135401674364,0.8105263157894737,0.8848405985686402,0.11515940143135983,0.8061158100195185,1.0,0.8,0.8694852941176471,0.9068627450980392,0.13970588235294118
330,Moderate+,Layer 1,0.6542615484710474,0.28128706570347434,0.4842105263157895,0.8392973324658426,0.1607026675341574,1.1249186727391023,1.0,0.45555555555555555,0.8400735294117647,0.7892156862745098,0.014705882352941176
330,Moderate+,Layer 2 v1,0.8907851933020581,0.3965176227396946,0.9368421052631579,0.5894599869876382,0.41054001301236176,2.873780091086532,1.0,0.9333333333333333,0.5165441176470589,0.5686274509803921,0.35294117647058826
330,Moderate+,Layer 2 v2,0.9353011676882512,0.7665501797167282,0.9368421052631579,0.6694860117111255,0.33051398828887446,2.3135979180221207,1.0,0.9333333333333333,0.6691176470588236,0.7058823529411764,0.34558823529411764
330,Moderate+,Hybrid v1,0.8772968530630414,0.46448448367000184,0.9368421052631579,0.5061808718282368,0.4938191281717632,3.456733897202342,1.0,0.9333333333333333,0.44852941176470584,0.46568627450980393,0.35294117647058826
330,Moderate+,Hybrid v2,0.9217237955004624,0.7381604790672723,0.9368421052631579,0.5751463890696161,0.4248536109303839,2.9739752765126872,1.0,0.9333333333333333,0.5716911764705883,0.5833333333333333,0.34558823529411764
330,Moderate+,Isolation Forest,0.897216039448002,0.5170800845333612,0.6736842105263158,0.9290826284970722,0.07091737150292776,0.49642160052049444,1.0,0.6555555555555556,0.9117647058823529,0.9313725490196079,0.03676470588235294
330,Moderate+,LOF,0.8966578776153133,0.5582361896150342,0.7789473684210526,0.8874430709173715,0.11255692908262849,0.7878985035783995,1.0,0.7666666666666667,0.8639705882352942,0.8725490196078431,0.11029411764705882
330,High+,Layer 1,0.6542615484710474,0.28128706570347434,0.3263157894736842,0.9980481457384516,0.0019518542615484247,0.013662979830839297,1.0,0.28888888888888886,0.9981617647058824,1.0,0.0
330,High+,Layer 2 v1,0.8907851933020581,0.3965176227396946,0.7578947368421053,0.8835393623942746,0.11646063760572545,0.815224463240078,1.0,0.7444444444444445,0.8566176470588236,0.8725490196078431,0.08823529411764706
330,High+,Layer 2 v2,0.9353011676882512,0.7665501797167282,0.7894736842105263,0.9160702667534157,0.08392973324658426,0.5875081327260898,1.0,0.7777777777777778,0.9172794117647058,0.9362745098039216,0.051470588235294115
330,High+,Hybrid v1,0.8772968530630414,0.46448448367000184,0.7578947368421053,0.8815875081327261,0.11841249186727387,0.8288874430709174,1.0,0.7444444444444445,0.8547794117647058,0.8725490196078431,0.08823529411764706
330,High+,Hybrid v2,0.9217237955004624,0.7381604790672723,0.7894736842105263,0.9141184124918673,0.08588158750813268,0.6011711125569291,1.0,0.7777777777777778,0.9154411764705882,0.9362745098039216,0.051470588235294115
330,High+,Isolation Forest,0.897216039448002,0.5170800845333612,0.6736842105263158,0.9290826284970722,0.07091737150292776,0.49642160052049444,1.0,0.6555555555555556,0.9117647058823529,0.9313725490196079,0.03676470588235294
330,High+,LOF,0.8966578776153133,0.5582361896150342,0.7789473684210526,0.8874430709173715,0.11255692908262849,0.7878985035783995,1.0,0.7666666666666667,0.8639705882352942,0.8725490196078431,0.11029411764705882
