Threshold,Arm,auroc_mean,auroc_ci95,auroc_display,auprc_mean,auprc_ci95,auprc_display,sensitivity_mean,sensitivity_ci95,sensitivity_display,specificity_mean,specificity_ci95,specificity_display,fpr_mean,fpr_ci95,fpr_display,alerts_per_week_mean,alerts_per_week_ci95,alerts_per_week_display,sens_crisis_mean,sens_crisis_ci95,sens_crisis_display,sens_drift_mean,sens_drift_ci95,sens_drift_display,spec_stable_mean,spec_stable_ci95,spec_stable_display,spec_hard_neg_mean,spec_hard_neg_ci95,spec_hard_neg_display,fa_blip_rate_mean,fa_blip_rate_ci95,fa_blip_rate_display,specificity_status
Moderate+,Layer 1,0.6624,0.0044,0.662 +/- 0.004,0.3086,0.0055,0.309 +/- 0.005,0.5196,0.0092,0.520 +/- 0.009,0.8272,0.0031,0.827 +/- 0.003,0.1728,0.0031,0.173 +/- 0.003,1.2096,0.0215,1.210 +/- 0.021,1.0,0.0,1.000 +/- 0.000,0.493,0.0097,0.493 +/- 0.010,0.8213,0.005,0.821 +/- 0.005,0.7806,0.0078,0.781 +/- 0.008,0.0157,0.0031,0.016 +/- 0.003,[OK] Moderate
Moderate+,Layer 2 v1,0.8734,0.0052,0.873 +/- 0.005,0.3905,0.0096,0.391 +/- 0.010,0.9189,0.007,0.919 +/- 0.007,0.5943,0.0043,0.594 +/- 0.004,0.4057,0.0043,0.406 +/- 0.004,2.8399,0.03,2.840 +/- 0.030,1.0,0.0,1.000 +/- 0.000,0.9144,0.0074,0.914 +/- 0.007,0.5536,0.0074,0.554 +/- 0.007,0.5502,0.012,0.550 +/- 0.012,0.3926,0.0167,0.393 +/- 0.017,[WARN] Low (< 60%)
Moderate+,Layer 2 v2,0.9391,0.0061,0.939 +/- 0.006,0.795,0.0089,0.795 +/- 0.009,0.9302,0.0099,0.930 +/- 0.010,0.6628,0.0061,0.663 +/- 0.006,0.3372,0.0061,0.337 +/- 0.006,2.3607,0.0428,2.361 +/- 0.043,1.0,0.0,1.000 +/- 0.000,0.9263,0.0104,0.926 +/- 0.010,0.6665,0.0102,0.667 +/- 0.010,0.6663,0.0156,0.666 +/- 0.016,0.3074,0.0228,0.307 +/- 0.023,[OK] Moderate
Moderate+,Hybrid v1,0.8688,0.0052,0.869 +/- 0.005,0.476,0.0087,0.476 +/- 0.009,0.9274,0.0071,0.927 +/- 0.007,0.501,0.0033,0.501 +/- 0.003,0.499,0.0033,0.499 +/- 0.003,3.4932,0.0233,3.493 +/- 0.023,1.0,0.0,1.000 +/- 0.000,0.9233,0.0075,0.923 +/- 0.007,0.4673,0.0061,0.467 +/- 0.006,0.4458,0.0115,0.446 +/- 0.011,0.3931,0.0168,0.393 +/- 0.017,[WARN] Low (< 60%)
Moderate+,Hybrid v2,0.9297,0.0062,0.930 +/- 0.006,0.7811,0.0099,0.781 +/- 0.010,0.9379,0.0095,0.938 +/- 0.009,0.5585,0.0052,0.559 +/- 0.005,0.4415,0.0052,0.441 +/- 0.005,3.0904,0.0361,3.090 +/- 0.036,1.0,0.0,1.000 +/- 0.000,0.9344,0.01,0.934 +/- 0.010,0.555,0.0088,0.555 +/- 0.009,0.5335,0.0116,0.533 +/- 0.012,0.3096,0.0226,0.310 +/- 0.023,[WARN] Low (< 60%)
Moderate+,Isolation Forest,0.8708,0.0092,0.871 +/- 0.009,0.4554,0.016,0.455 +/- 0.016,0.6309,0.0182,0.631 +/- 0.018,0.9184,0.0029,0.918 +/- 0.003,0.0816,0.0029,0.082 +/- 0.003,0.571,0.0201,0.571 +/- 0.020,0.94,0.04,0.940 +/- 0.040,0.6137,0.0183,0.614 +/- 0.018,0.9105,0.0042,0.911 +/- 0.004,0.9127,0.0061,0.913 +/- 0.006,0.0885,0.0105,0.088 +/- 0.010,[OK] High
Moderate+,LOF,0.8583,0.0086,0.858 +/- 0.009,0.5299,0.0106,0.530 +/- 0.011,0.7502,0.0131,0.750 +/- 0.013,0.8822,0.0034,0.882 +/- 0.003,0.1178,0.0034,0.118 +/- 0.003,0.8246,0.0237,0.825 +/- 0.024,1.0,0.0,1.000 +/- 0.000,0.7363,0.0138,0.736 +/- 0.014,0.8711,0.0046,0.871 +/- 0.005,0.8678,0.008,0.868 +/- 0.008,0.1179,0.0104,0.118 +/- 0.010,[OK] High
High+,Layer 1,0.6624,0.0044,0.662 +/- 0.004,0.3086,0.0055,0.309 +/- 0.005,0.3442,0.0049,0.344 +/- 0.005,0.9985,0.0003,0.999 +/- 0.000,0.0015,0.0003,0.001 +/- 0.000,0.0103,0.0021,0.010 +/- 0.002,1.0,0.0,1.000 +/- 0.000,0.3078,0.0051,0.308 +/- 0.005,0.9991,0.0005,0.999 +/- 0.001,0.9972,0.0014,0.997 +/- 0.001,0.0,0.0,0.000 +/- 0.000,[OK] High
High+,Layer 2 v1,0.8734,0.0052,0.873 +/- 0.005,0.3905,0.0096,0.391 +/- 0.010,0.6926,0.0176,0.693 +/- 0.018,0.8775,0.003,0.878 +/- 0.003,0.1225,0.003,0.122 +/- 0.003,0.8573,0.0211,0.857 +/- 0.021,1.0,0.0,1.000 +/- 0.000,0.6756,0.0186,0.676 +/- 0.019,0.8654,0.0049,0.865 +/- 0.005,0.8641,0.0083,0.864 +/- 0.008,0.1216,0.0123,0.122 +/- 0.012,[OK] High
High+,Layer 2 v2,0.9391,0.0061,0.939 +/- 0.006,0.795,0.0089,0.795 +/- 0.009,0.8477,0.0116,0.848 +/- 0.012,0.9217,0.0029,0.922 +/- 0.003,0.0783,0.0029,0.078 +/- 0.003,0.5483,0.0204,0.548 +/- 0.020,1.0,0.0,1.000 +/- 0.000,0.8393,0.0122,0.839 +/- 0.012,0.9284,0.0044,0.928 +/- 0.004,0.9286,0.0068,0.929 +/- 0.007,0.075,0.0106,0.075 +/- 0.011,[OK] High
High+,Hybrid v1,0.8688,0.0052,0.869 +/- 0.005,0.476,0.0087,0.476 +/- 0.009,0.7323,0.0143,0.732 +/- 0.014,0.8767,0.003,0.877 +/- 0.003,0.1233,0.003,0.123 +/- 0.003,0.8632,0.0213,0.863 +/- 0.021,1.0,0.0,1.000 +/- 0.000,0.7174,0.0151,0.717 +/- 0.015,0.8653,0.0049,0.865 +/- 0.005,0.8634,0.0083,0.863 +/- 0.008,0.1216,0.0123,0.122 +/- 0.012,[OK] High
High+,Hybrid v2,0.9297,0.0062,0.930 +/- 0.006,0.7811,0.0099,0.781 +/- 0.010,0.8477,0.0116,0.848 +/- 0.012,0.9205,0.0029,0.920 +/- 0.003,0.0795,0.0029,0.080 +/- 0.003,0.5567,0.0206,0.557 +/- 0.021,1.0,0.0,1.000 +/- 0.000,0.8393,0.0122,0.839 +/- 0.012,0.928,0.0045,0.928 +/- 0.005,0.9265,0.0071,0.926 +/- 0.007,0.075,0.0106,0.075 +/- 0.011,[OK] High
High+,Isolation Forest,0.8708,0.0092,0.871 +/- 0.009,0.4554,0.016,0.455 +/- 0.016,0.6309,0.0182,0.631 +/- 0.018,0.9184,0.0029,0.918 +/- 0.003,0.0816,0.0029,0.082 +/- 0.003,0.571,0.0201,0.571 +/- 0.020,0.94,0.04,0.940 +/- 0.040,0.6137,0.0183,0.614 +/- 0.018,0.9105,0.0042,0.911 +/- 0.004,0.9127,0.0061,0.913 +/- 0.006,0.0885,0.0105,0.088 +/- 0.010,[OK] High
High+,LOF,0.8583,0.0086,0.858 +/- 0.009,0.5299,0.0106,0.530 +/- 0.011,0.7502,0.0131,0.750 +/- 0.013,0.8822,0.0034,0.882 +/- 0.003,0.1178,0.0034,0.118 +/- 0.003,0.8246,0.0237,0.825 +/- 0.024,1.0,0.0,1.000 +/- 0.000,0.7363,0.0138,0.736 +/- 0.014,0.8711,0.0046,0.871 +/- 0.005,0.8678,0.008,0.868 +/- 0.008,0.1179,0.0104,0.118 +/- 0.010,[OK] High
