contamination,n_estimators,seeds_evaluated,l2_if_auroc_mean,l2_if_auprc_mean,l2_if_sens_mean,l2_if_spec_mean,l2_if_alerts_wk_mean,hybrid_auroc_mean,hybrid_auprc_mean,hybrid_sens_mean,hybrid_spec_mean,hybrid_alerts_wk_mean,p5_lead_time_l2_mean,p5_lead_time_hybrid_mean,avg_fit_ms
0.01,30,8,0.8324,0.2814,0.3171,0.9575,0.2977,0.8793,0.4858,0.9382,0.5068,3.4522,9.38,14.62,110.934
0.01,50,8,0.8442,0.3396,0.3711,0.9614,0.2704,0.8793,0.4858,0.9382,0.5068,3.4522,10.62,14.62,167.779
0.01,75,8,0.854,0.3619,0.3947,0.9612,0.2716,0.8793,0.4858,0.9382,0.5068,3.4522,10.62,14.62,232.98
0.01,100,8,0.8557,0.373,0.4013,0.961,0.2727,0.8793,0.4858,0.9382,0.5068,3.4522,10.62,14.62,267.419
0.03,30,8,0.841,0.3195,0.4316,0.9422,0.4048,0.8793,0.4858,0.9382,0.5068,3.4522,10.88,14.62,111.826
0.03,50,8,0.8545,0.3944,0.5092,0.9456,0.3809,0.8793,0.4858,0.9382,0.5068,3.4522,11.75,14.62,167.082
0.03,75,8,0.8656,0.4225,0.5118,0.9463,0.3757,0.8793,0.4858,0.9382,0.5068,3.4522,11.88,14.62,230.429
0.03,100,8,0.8701,0.4369,0.5224,0.9465,0.3746,0.8793,0.4858,0.9382,0.5068,3.4522,11.88,14.62,267.488
0.05,30,8,0.8364,0.3266,0.5211,0.9154,0.5921,0.8793,0.4858,0.9382,0.5068,3.4522,11.75,14.62,112.836
0.05,50,8,0.852,0.4159,0.5961,0.9182,0.5727,0.8793,0.4858,0.9382,0.5068,3.4522,12.12,14.62,169.572
0.05,75,8,0.8612,0.4442,0.6039,0.9193,0.5647,0.8793,0.4858,0.9382,0.5068,3.4522,12.12,14.62,234.187
0.05,100,8,0.867,0.4615,0.6197,0.9201,0.5596,0.8793,0.4858,0.9382,0.5068,3.4522,12.12,14.62,270.913
0.07,30,8,0.8369,0.3403,0.5895,0.8903,0.768,0.8793,0.4858,0.9382,0.5068,3.4522,12.25,14.62,112.781
0.07,50,8,0.8563,0.4443,0.6618,0.8935,0.7458,0.8793,0.4858,0.9382,0.5068,3.4522,12.62,14.62,168.791
0.07,75,8,0.8635,0.4715,0.6658,0.8952,0.7338,0.8793,0.4858,0.9382,0.5068,3.4522,12.88,14.62,233.845
0.07,100,8,0.8682,0.4812,0.6776,0.8953,0.7332,0.8793,0.4858,0.9382,0.5068,3.4522,12.75,14.62,270.555
0.1,30,8,0.8398,0.3492,0.6605,0.8546,1.0179,0.8793,0.4858,0.9382,0.5068,3.4522,12.62,14.62,113.153
0.1,50,8,0.8608,0.4634,0.7237,0.8569,1.002,0.8793,0.4858,0.9382,0.5068,3.4522,13.5,14.62,168.206
0.1,75,8,0.8657,0.4951,0.7342,0.8582,0.9923,0.8793,0.4858,0.9382,0.5068,3.4522,13.75,14.62,234.804
0.1,100,8,0.8705,0.5033,0.7342,0.8579,0.9946,0.8793,0.4858,0.9382,0.5068,3.4522,13.75,14.62,268.059
0.15,30,8,0.8453,0.3601,0.7421,0.792,1.4562,0.8793,0.4858,0.9382,0.5068,3.4522,13.25,14.62,113.326
0.15,50,8,0.8643,0.4801,0.7803,0.7909,1.4636,0.8793,0.4858,0.9382,0.5068,3.4522,13.62,14.62,169.446
0.15,75,8,0.8694,0.5215,0.7868,0.7939,1.4426,0.8793,0.4858,0.9382,0.5068,3.4522,13.75,14.62,235.432
0.15,100,8,0.8744,0.5294,0.7961,0.7963,1.4261,0.8793,0.4858,0.9382,0.5068,3.4522,13.75,14.62,272.22
